output,parameter,bin,normalized_center,parameter_value,ale_effect,samples
overall__mean_energy_saving_fraction,min_epochs_floor,1,0.041666666666666664,16,0.11946369833457061,171
overall__mean_energy_saving_fraction,min_epochs_floor,2,0.125,23,0.11808472833477458,170
overall__mean_energy_saving_fraction,min_epochs_floor,3,0.20833333333333331,30,0.11514097350786,171
overall__mean_energy_saving_fraction,min_epochs_floor,4,0.29166666666666663,37,0.10413112767759412,170
overall__mean_energy_saving_fraction,min_epochs_floor,5,0.375,44,0.07508598978391758,171
overall__mean_energy_saving_fraction,min_epochs_floor,6,0.4583333333333333,51,0.03480316146807766,171
overall__mean_energy_saving_fraction,min_epochs_floor,7,0.5416666666666666,58,-0.005991462931106112,171
overall__mean_energy_saving_fraction,min_epochs_floor,8,0.625,65,-0.04764134484385324,170
overall__mean_energy_saving_fraction,min_epochs_floor,9,0.7083333333333333,72,-0.08648836301259652,171
overall__mean_energy_saving_fraction,min_epochs_floor,10,0.7916666666666666,79,-0.11710833268043536,170
overall__mean_energy_saving_fraction,min_epochs_floor,11,0.875,86,-0.14318091430820185,171
overall__mean_energy_saving_fraction,min_epochs_floor,12,0.9583333333333333,93,-0.16596320180727941,171
overall__mean_energy_saving_fraction,utility_quantile,1,0.041666666666666664,0.04083333333333333,-0.16352757870479112,171
overall__mean_energy_saving_fraction,utility_quantile,2,0.125,0.1025,-0.1299997137398109,170
overall__mean_energy_saving_fraction,utility_quantile,3,0.20833333333333331,0.16416666666666666,-0.07817790416931254,171
overall__mean_energy_saving_fraction,utility_quantile,4,0.29166666666666663,0.2258333333333333,-0.020736924424562764,171
overall__mean_energy_saving_fraction,utility_quantile,5,0.375,0.2875,0.017436738624496517,170
overall__mean_energy_saving_fraction,utility_quantile,6,0.4583333333333333,0.3491666666666667,0.03438400243065731,171
overall__mean_energy_saving_fraction,utility_quantile,7,0.5416666666666666,0.41083333333333333,0.04586516506480531,171
overall__mean_energy_saving_fraction,utility_quantile,8,0.625,0.47250000000000003,0.05440205566718481,170
overall__mean_energy_saving_fraction,utility_quantile,9,0.7083333333333333,0.5341666666666666,0.0581596699129005,171
overall__mean_energy_saving_fraction,utility_quantile,10,0.7916666666666666,0.5958333333333333,0.05984330304385832,171
overall__mean_energy_saving_fraction,utility_quantile,11,0.875,0.6575,0.06096856976052056,170
overall__mean_energy_saving_fraction,utility_quantile,12,0.9583333333333333,0.7191666666666666,0.06139903554172871,171
overall__mean_energy_saving_fraction,noise_multiplier,1,0.041666666666666664,0.40625,-0.1275365104414151,171
overall__mean_energy_saving_fraction,noise_multiplier,2,0.125,0.71875,-0.07120253387816808,171
overall__mean_energy_saving_fraction,noise_multiplier,3,0.20833333333333331,1.03125,-0.012510887036203122,170
overall__mean_energy_saving_fraction,noise_multiplier,4,0.29166666666666663,1.3437499999999998,0.008840732866290835,171
overall__mean_energy_saving_fraction,noise_multiplier,5,0.375,1.65625,0.017542790980814654,171
overall__mean_energy_saving_fraction,noise_multiplier,6,0.4583333333333333,1.96875,0.021951941405465886,170
overall__mean_energy_saving_fraction,noise_multiplier,7,0.5416666666666666,2.28125,0.024503077765364922,170
overall__mean_energy_saving_fraction,noise_multiplier,8,0.625,2.59375,0.026055804598302146,171
overall__mean_energy_saving_fraction,noise_multiplier,9,0.7083333333333333,2.9062499999999996,0.027204401386406923,171
overall__mean_energy_saving_fraction,noise_multiplier,10,0.7916666666666666,3.21875,0.02810254007037777,170
overall__mean_energy_saving_fraction,noise_multiplier,11,0.875,3.53125,0.028599289310406728,171
overall__mean_energy_saving_fraction,noise_multiplier,12,0.9583333333333333,3.8437499999999996,0.028812199008642958,171
overall__mean_energy_saving_fraction,minimum_quality_floor,1,0.041666666666666664,0.029166666666666664,0.047390072370326636,171
overall__mean_energy_saving_fraction,minimum_quality_floor,2,0.125,0.0875,0.04142501999816026,171
overall__mean_energy_saving_fraction,minimum_quality_floor,3,0.20833333333333331,0.14583333333333331,0.034978771760794204,170
overall__mean_energy_saving_fraction,minimum_quality_floor,4,0.29166666666666663,0.20416666666666664,0.03296939466178744,171
overall__mean_energy_saving_fraction,minimum_quality_floor,5,0.375,0.26249999999999996,0.031343806371501054,170
overall__mean_energy_saving_fraction,minimum_quality_floor,6,0.4583333333333333,0.3208333333333333,0.029818386491739714,171
overall__mean_energy_saving_fraction,minimum_quality_floor,7,0.5416666666666666,0.3791666666666666,0.027111052500073132,171
overall__mean_energy_saving_fraction,minimum_quality_floor,8,0.625,0.4375,0.012096123167379673,171
overall__mean_energy_saving_fraction,minimum_quality_floor,9,0.7083333333333333,0.49583333333333324,-0.030176004016437073,170
overall__mean_energy_saving_fraction,minimum_quality_floor,10,0.7916666666666666,0.5541666666666666,-0.06656814684351664,171
overall__mean_energy_saving_fraction,minimum_quality_floor,11,0.875,0.6124999999999999,-0.07726645659692777,170
overall__mean_energy_saving_fraction,minimum_quality_floor,12,0.9583333333333333,0.6708333333333333,-0.0833624870138927,171
overall__mean_energy_saving_fraction,trend_window,1,0.041666666666666664,5,0.0018603960119521938,171
overall__mean_energy_saving_fraction,trend_window,2,0.125,7,0.0013698358548058524,171
overall__mean_energy_saving_fraction,trend_window,3,0.20833333333333331,9,0.0017443977501342108,170
overall__mean_energy_saving_fraction,trend_window,4,0.29166666666666663,12,0.002593109481344729,171
overall__mean_energy_saving_fraction,trend_window,5,0.375,14,0.0026762727395567283,170
overall__mean_energy_saving_fraction,trend_window,6,0.4583333333333333,16,0.0022267385131699356,171
overall__mean_energy_saving_fraction,trend_window,7,0.5416666666666666,18,0.0014073112055128,170
overall__mean_energy_saving_fraction,trend_window,8,0.625,20,-0.0001588331374519085,171
overall__mean_energy_saving_fraction,trend_window,9,0.7083333333333333,22,-0.0017321275005070858,171
overall__mean_energy_saving_fraction,trend_window,10,0.7916666666666666,25,-0.0029126966271087597,171
overall__mean_energy_saving_fraction,trend_window,11,0.875,27,-0.0040872949766960695,170
overall__mean_energy_saving_fraction,trend_window,12,0.9583333333333333,29,-0.004976929860218433,171
overall__mean_quality_regret_pp,min_epochs_floor,1,0.041666666666666664,16,1.6955577021459818,171
overall__mean_quality_regret_pp,min_epochs_floor,2,0.125,23,1.6745867741238991,170
overall__mean_quality_regret_pp,min_epochs_floor,3,0.20833333333333331,30,1.62886887962157,171
overall__mean_quality_regret_pp,min_epochs_floor,4,0.29166666666666663,37,1.446678688899777,170
overall__mean_quality_regret_pp,min_epochs_floor,5,0.375,44,0.9748280174845636,171
overall__mean_quality_regret_pp,min_epochs_floor,6,0.4583333333333333,51,0.339570596066592,171
overall__mean_quality_regret_pp,min_epochs_floor,7,0.5416666666666666,58,-0.24410210325602866,171
overall__mean_quality_regret_pp,min_epochs_floor,8,0.625,65,-0.8386258369183717,170
overall__mean_quality_regret_pp,min_epochs_floor,9,0.7083333333333333,72,-1.3470522072056739,171
overall__mean_quality_regret_pp,min_epochs_floor,10,0.7916666666666666,79,-1.6396126760196565,170
overall__mean_quality_regret_pp,min_epochs_floor,11,0.875,86,-1.8068792648805998,171
overall__mean_quality_regret_pp,min_epochs_floor,12,0.9583333333333333,93,-1.880058178541084,171
overall__mean_quality_regret_pp,utility_quantile,1,0.041666666666666664,0.04083333333333333,-1.7655206452636143,171
overall__mean_quality_regret_pp,utility_quantile,2,0.125,0.1025,-1.5463490866927545,170
overall__mean_quality_regret_pp,utility_quantile,3,0.20833333333333331,0.16416666666666666,-1.0954674802019562,171
overall__mean_quality_regret_pp,utility_quantile,4,0.29166666666666663,0.2258333333333333,-0.4349992690942275,171
overall__mean_quality_regret_pp,utility_quantile,5,0.375,0.2875,0.11693821295884055,170
overall__mean_quality_regret_pp,utility_quantile,6,0.4583333333333333,0.3491666666666667,0.39336473026673713,171
overall__mean_quality_regret_pp,utility_quantile,7,0.5416666666666666,0.41083333333333333,0.5604079723546029,171
overall__mean_quality_regret_pp,utility_quantile,8,0.625,0.47250000000000003,0.688749895816757,170
overall__mean_quality_regret_pp,utility_quantile,9,0.7083333333333333,0.5341666666666666,0.745084218957708,171
overall__mean_quality_regret_pp,utility_quantile,10,0.7916666666666666,0.5958333333333333,0.7680696308839334,171
overall__mean_quality_regret_pp,utility_quantile,11,0.875,0.6575,0.7827303413211573,170
overall__mean_quality_regret_pp,utility_quantile,12,0.9583333333333333,0.7191666666666666,0.7872374983618473,171
overall__mean_quality_regret_pp,noise_multiplier,1,0.041666666666666664,0.40625,-1.541843074971178,171
overall__mean_quality_regret_pp,noise_multiplier,2,0.125,0.71875,-0.8753659380064663,171
overall__mean_quality_regret_pp,noise_multiplier,3,0.20833333333333331,1.03125,-0.1468934961354198,170
overall__mean_quality_regret_pp,noise_multiplier,4,0.29166666666666663,1.3437499999999998,0.11933873746587564,171
overall__mean_quality_regret_pp,noise_multiplier,5,0.375,1.65625,0.2216059564555981,171
overall__mean_quality_regret_pp,noise_multiplier,6,0.4583333333333333,1.96875,0.2714063603593455,170
overall__mean_quality_regret_pp,noise_multiplier,7,0.5416666666666666,2.28125,0.2985192786742854,170
overall__mean_quality_regret_pp,noise_multiplier,8,0.625,2.59375,0.31412830899536304,171
overall__mean_quality_regret_pp,noise_multiplier,9,0.7083333333333333,2.9062499999999996,0.3263560527509701,171
overall__mean_quality_regret_pp,noise_multiplier,10,0.7916666666666666,3.21875,0.3363735826946741,170
overall__mean_quality_regret_pp,noise_multiplier,11,0.875,3.53125,0.3402844094601767,171
overall__mean_quality_regret_pp,noise_multiplier,12,0.9583333333333333,3.8437499999999996,0.3405307914122899,171
overall__mean_quality_regret_pp,minimum_quality_floor,1,0.041666666666666664,0.029166666666666664,0.4462758344793901,171
overall__mean_quality_regret_pp,minimum_quality_floor,2,0.125,0.0875,0.4122301312638668,171
overall__mean_quality_regret_pp,minimum_quality_floor,3,0.20833333333333331,0.14583333333333331,0.3791396093528635,170
overall__mean_quality_regret_pp,minimum_quality_floor,4,0.29166666666666663,0.20416666666666664,0.36930476689663105,171
overall__mean_quality_regret_pp,minimum_quality_floor,5,0.375,0.26249999999999996,0.3563665331200403,170
overall__mean_quality_regret_pp,minimum_quality_floor,6,0.4583333333333333,0.3208333333333333,0.34365255447585186,171
overall__mean_quality_regret_pp,minimum_quality_floor,7,0.5416666666666666,0.3791666666666666,0.31411196563969124,171
overall__mean_quality_regret_pp,minimum_quality_floor,8,0.625,0.4375,0.1582091265225024,171
overall__mean_quality_regret_pp,minimum_quality_floor,9,0.7083333333333333,0.49583333333333324,-0.2528235930312296,170
overall__mean_quality_regret_pp,minimum_quality_floor,10,0.7916666666666666,0.5541666666666666,-0.6588422017502829,171
overall__mean_quality_regret_pp,minimum_quality_floor,11,0.875,0.6124999999999999,-0.8658445767967031,170
overall__mean_quality_regret_pp,minimum_quality_floor,12,0.9583333333333333,0.6708333333333333,-1.0040208637828847,171
overall__mean_quality_regret_pp,trend_window,1,0.041666666666666664,5,0.033178089554644394,171
overall__mean_quality_regret_pp,trend_window,2,0.125,7,0.025249722735727467,171
overall__mean_quality_regret_pp,trend_window,3,0.20833333333333331,9,0.024926898957623463,170
overall__mean_quality_regret_pp,trend_window,4,0.29166666666666663,12,0.025519475052471777,171
overall__mean_quality_regret_pp,trend_window,5,0.375,14,0.01843479503167682,170
overall__mean_quality_regret_pp,trend_window,6,0.4583333333333333,16,0.008532862497206303,171
overall__mean_quality_regret_pp,trend_window,7,0.5416666666666666,18,0.000690795394372487,170
overall__mean_quality_regret_pp,trend_window,8,0.625,20,-0.009122176016182725,171
overall__mean_quality_regret_pp,trend_window,9,0.7083333333333333,22,-0.020138866483570092,171
overall__mean_quality_regret_pp,trend_window,10,0.7916666666666666,25,-0.028814376692300706,171
overall__mean_quality_regret_pp,trend_window,11,0.875,27,-0.03620557596580212,170
overall__mean_quality_regret_pp,trend_window,12,0.9583333333333333,29,-0.042205755683306354,171
overall__mean_stop_epoch,min_epochs_floor,1,0.041666666666666664,16,-11.926707595127032,171
overall__mean_stop_epoch,min_epochs_floor,2,0.125,23,-11.789089056314499,170
overall__mean_stop_epoch,min_epochs_floor,3,0.20833333333333331,30,-11.49493985442451,171
overall__mean_stop_epoch,min_epochs_floor,4,0.29166666666666663,37,-10.395058515612808,170
overall__mean_stop_epoch,min_epochs_floor,5,0.375,44,-7.498215957093745,171
overall__mean_stop_epoch,min_epochs_floor,6,0.4583333333333333,51,-3.4866113700880828,171
overall__mean_stop_epoch,min_epochs_floor,7,0.5416666666666666,58,0.57859619706168,171
overall__mean_stop_epoch,min_epochs_floor,8,0.625,65,4.738036313192596,170
overall__mean_stop_epoch,min_epochs_floor,9,0.7083333333333333,72,8.62341972562483,171
overall__mean_stop_epoch,min_epochs_floor,10,0.7916666666666666,79,11.68942600349954,170
overall__mean_stop_epoch,min_epochs_floor,11,0.875,86,14.309300939942991,171
overall__mean_stop_epoch,min_epochs_floor,12,0.9583333333333333,93,16.61817834328503,171
overall__mean_stop_epoch,utility_quantile,1,0.041666666666666664,0.04083333333333333,16.40369037114873,171
overall__mean_stop_epoch,utility_quantile,2,0.125,0.1025,13.030721206077546,170
overall__mean_stop_epoch,utility_quantile,3,0.20833333333333331,0.16416666666666666,7.832247203678218,171
overall__mean_stop_epoch,utility_quantile,4,0.29166666666666663,0.2258333333333333,2.076656121387023,171
overall__mean_stop_epoch,utility_quantile,5,0.375,0.2875,-1.7481438507215543,170
overall__mean_stop_epoch,utility_quantile,6,0.4583333333333333,0.3491666666666667,-3.447422040407666,171
overall__mean_stop_epoch,utility_quantile,7,0.5416666666666666,0.41083333333333333,-4.598669369550134,171
overall__mean_stop_epoch,utility_quantile,8,0.625,0.47250000000000003,-5.454735192418703,170
overall__mean_stop_epoch,utility_quantile,9,0.7083333333333333,0.5341666666666666,-5.830822416097252,171
overall__mean_stop_epoch,utility_quantile,10,0.7916666666666666,0.5958333333333333,-5.998982466643717,171
overall__mean_stop_epoch,utility_quantile,11,0.875,0.6575,-6.11151088559415,170
overall__mean_stop_epoch,utility_quantile,12,0.9583333333333333,0.7191666666666666,-6.154687562277388,171
overall__mean_stop_epoch,noise_multiplier,1,0.041666666666666664,0.40625,12.7820885362604,171
overall__mean_stop_epoch,noise_multiplier,2,0.125,0.71875,7.13558042635079,171
overall__mean_stop_epoch,noise_multiplier,3,0.20833333333333331,1.03125,1.2531627519996231,170
overall__mean_stop_epoch,noise_multiplier,4,0.29166666666666663,1.3437499999999998,-0.8853595671081447,171
overall__mean_stop_epoch,noise_multiplier,5,0.375,1.65625,-1.7570838119194168,171
overall__mean_stop_epoch,noise_multiplier,6,0.4583333333333333,1.96875,-2.199408610397386,170
overall__mean_stop_epoch,noise_multiplier,7,0.5416666666666666,2.28125,-2.4554802317619835,170
overall__mean_stop_epoch,noise_multiplier,8,0.625,2.59375,-2.6113707459241144,171
overall__mean_stop_epoch,noise_multiplier,9,0.7083333333333333,2.9062499999999996,-2.7266160009082885,171
overall__mean_stop_epoch,noise_multiplier,10,0.7916666666666666,3.21875,-2.816764998568866,170
overall__mean_stop_epoch,noise_multiplier,11,0.875,3.53125,-2.86681972892538,171
overall__mean_stop_epoch,noise_multiplier,12,0.9583333333333333,3.8437499999999996,-2.8882934640605438,171
overall__mean_stop_epoch,minimum_quality_floor,1,0.041666666666666664,0.029166666666666664,-4.770291799487234,171
overall__mean_stop_epoch,minimum_quality_floor,2,0.125,0.0875,-4.170212354475529,171
overall__mean_stop_epoch,minimum_quality_floor,3,0.20833333333333331,0.14583333333333331,-3.520838850173444,170
overall__mean_stop_epoch,minimum_quality_floor,4,0.29166666666666663,0.20416666666666664,-3.3179474135233367,171
overall__mean_stop_epoch,minimum_quality_floor,5,0.375,0.26249999999999996,-3.1542850949093317,170
overall__mean_stop_epoch,minimum_quality_floor,6,0.4583333333333333,0.3208333333333333,-3.0004241932035116,171
overall__mean_stop_epoch,minimum_quality_floor,7,0.5416666666666666,0.3791666666666666,-2.727641331771812,171
overall__mean_stop_epoch,minimum_quality_floor,8,0.625,0.4375,-1.2204616954877574,171
overall__mean_stop_epoch,minimum_quality_floor,9,0.7083333333333333,0.49583333333333324,3.034215472316588,170
overall__mean_stop_epoch,minimum_quality_floor,10,0.7916666666666666,0.5541666666666666,6.702093190629308,171
overall__mean_stop_epoch,minimum_quality_floor,11,0.875,0.6124999999999999,7.779075686076049,170
overall__mean_stop_epoch,minimum_quality_floor,12,0.9583333333333333,0.6708333333333333,8.390918192274977,171
overall__mean_stop_epoch,trend_window,1,0.041666666666666664,5,-0.18799298191637087,171
overall__mean_stop_epoch,trend_window,2,0.125,7,-0.13872400378688712,171
overall__mean_stop_epoch,trend_window,3,0.20833333333333331,9,-0.17618616366871098,170
overall__mean_stop_epoch,trend_window,4,0.29166666666666663,12,-0.2610730683257156,171
overall__mean_stop_epoch,trend_window,5,0.375,14,-0.26904240895330467,170
overall__mean_stop_epoch,trend_window,6,0.4583333333333333,16,-0.2235974172823794,171
overall__mean_stop_epoch,trend_window,7,0.5416666666666666,18,-0.14103867717760876,170
overall__mean_stop_epoch,trend_window,8,0.625,20,0.01648839489390977,171
overall__mean_stop_epoch,trend_window,9,0.7083333333333333,22,0.17477736642252148,171
overall__mean_stop_epoch,trend_window,10,0.7916666666666666,25,0.29349597707810127,171
overall__mean_stop_epoch,trend_window,11,0.875,27,0.41129342685597436,170
overall__mean_stop_epoch,trend_window,12,0.9583333333333333,29,0.5005763171298058,171
overall__bayesian_veto_rate,noise_multiplier,1,0.041666666666666664,0.40625,0.0044925692728154335,171
overall__bayesian_veto_rate,noise_multiplier,2,0.125,0.71875,0.003683582361342936,171
overall__bayesian_veto_rate,noise_multiplier,3,0.20833333333333331,1.03125,0.0016833301013081448,170
overall__bayesian_veto_rate,noise_multiplier,4,0.29166666666666663,1.3437499999999998,0.00020047789816301717,171
overall__bayesian_veto_rate,noise_multiplier,5,0.375,1.65625,-0.0005931224926736299,171
overall__bayesian_veto_rate,noise_multiplier,6,0.4583333333333333,1.96875,-0.0010348548674629712,170
overall__bayesian_veto_rate,noise_multiplier,7,0.5416666666666666,2.28125,-0.0012654249117047232,170
overall__bayesian_veto_rate,noise_multiplier,8,0.625,2.59375,-0.0013671769797143907,171
overall__bayesian_veto_rate,noise_multiplier,9,0.7083333333333333,2.9062499999999996,-0.0014099887673889042,171
overall__bayesian_veto_rate,noise_multiplier,10,0.7916666666666666,3.21875,-0.0014410908736695992,170
overall__bayesian_veto_rate,noise_multiplier,11,0.875,3.53125,-0.0014715881992120126,171
overall__bayesian_veto_rate,noise_multiplier,12,0.9583333333333333,3.8437499999999996,-0.0014887478666660405,171
overall__bayesian_veto_rate,trend_window,1,0.041666666666666664,5,0.003895465998358986,171
overall__bayesian_veto_rate,trend_window,2,0.125,7,0.0030396133761436545,171
overall__bayesian_veto_rate,trend_window,3,0.20833333333333331,9,0.0019111637165661272,170
overall__bayesian_veto_rate,trend_window,4,0.29166666666666663,12,0.0008863117769229642,171
overall__bayesian_veto_rate,trend_window,5,0.375,14,0.00012233311173192717,170
overall__bayesian_veto_rate,trend_window,6,0.4583333333333333,16,-0.0005059494832429581,171
overall__bayesian_veto_rate,trend_window,7,0.5416666666666666,18,-0.0010003333527572981,170
overall__bayesian_veto_rate,trend_window,8,0.625,20,-0.0013294050162848342,171
overall__bayesian_veto_rate,trend_window,9,0.7083333333333333,22,-0.0015639949608483566,171
overall__bayesian_veto_rate,trend_window,10,0.7916666666666666,25,-0.001738096461567056,171
overall__bayesian_veto_rate,trend_window,11,0.875,27,-0.0018388688352407295,170
overall__bayesian_veto_rate,trend_window,12,0.9583333333333333,29,-0.0018829515970321337,171
overall__bayesian_veto_rate,utility_quantile,1,0.041666666666666664,0.04083333333333333,-0.0027580367285267512,171
overall__bayesian_veto_rate,utility_quantile,2,0.125,0.1025,-0.001805417493248602,170
overall__bayesian_veto_rate,utility_quantile,3,0.20833333333333331,0.16416666666666666,-0.0005491831788412343,171
overall__bayesian_veto_rate,utility_quantile,4,0.29166666666666663,0.2258333333333333,0.00025896190321610503,171
overall__bayesian_veto_rate,utility_quantile,5,0.375,0.2875,0.00061738958447312,170
overall__bayesian_veto_rate,utility_quantile,6,0.4583333333333333,0.3491666666666667,0.0006951744398727027,171
overall__bayesian_veto_rate,utility_quantile,7,0.5416666666666666,0.41083333333333333,0.0006429655387156885,171
overall__bayesian_veto_rate,utility_quantile,8,0.625,0.47250000000000003,0.0005806639980551497,170
overall__bayesian_veto_rate,utility_quantile,9,0.7083333333333333,0.5341666666666666,0.0005871386720826843,171
overall__bayesian_veto_rate,utility_quantile,10,0.7916666666666666,0.5958333333333333,0.0005955279123046435,171
overall__bayesian_veto_rate,utility_quantile,11,0.875,0.6575,0.0005633016893465382,170
overall__bayesian_veto_rate,utility_quantile,12,0.9583333333333333,0.7191666666666666,0.0005712559887407517,171
overall__bayesian_veto_rate,min_epochs_floor,1,0.041666666666666664,16,-0.0002020324879162083,171
overall__bayesian_veto_rate,min_epochs_floor,2,0.125,23,-0.00019716228255705088,170
overall__bayesian_veto_rate,min_epochs_floor,3,0.20833333333333331,30,-0.00020207717212416436,171
overall__bayesian_veto_rate,min_epochs_floor,4,0.29166666666666663,37,-0.0002645707041884741,170
overall__bayesian_veto_rate,min_epochs_floor,5,0.375,44,-0.0004978280706720039,171
overall__bayesian_veto_rate,min_epochs_floor,6,0.4583333333333333,51,-0.0006405683908283105,171
overall__bayesian_veto_rate,min_epochs_floor,7,0.5416666666666666,58,-0.00048437467823083676,171
overall__bayesian_veto_rate,min_epochs_floor,8,0.625,65,6.429528470183998e-05,170
overall__bayesian_veto_rate,min_epochs_floor,9,0.7083333333333333,72,0.0006899286753207277,171
overall__bayesian_veto_rate,min_epochs_floor,10,0.7916666666666666,79,0.0010846049067487022,170
overall__bayesian_veto_rate,min_epochs_floor,11,0.875,86,0.0009275509290625425,171
overall__bayesian_veto_rate,min_epochs_floor,12,0.9583333333333333,93,-0.0002737474876518226,171
overall__bayesian_veto_rate,minimum_quality_floor,1,0.041666666666666664,0.029166666666666664,0.00016412199164084966,171
overall__bayesian_veto_rate,minimum_quality_floor,2,0.125,0.0875,0.00013583493747825994,171
overall__bayesian_veto_rate,minimum_quality_floor,3,0.20833333333333331,0.14583333333333331,0.0001482546332608908,170
overall__bayesian_veto_rate,minimum_quality_floor,4,0.29166666666666663,0.20416666666666664,0.00016625708832211295,171
overall__bayesian_veto_rate,minimum_quality_floor,5,0.375,0.26249999999999996,0.00015262349494530816,170
overall__bayesian_veto_rate,minimum_quality_floor,6,0.4583333333333333,0.3208333333333333,0.0001259333791636817,171
overall__bayesian_veto_rate,minimum_quality_floor,7,0.5416666666666666,0.3791666666666666,0.00014470491442116322,171
overall__bayesian_veto_rate,minimum_quality_floor,8,0.625,0.4375,1.177314219184632e-05,171
overall__bayesian_veto_rate,minimum_quality_floor,9,0.7083333333333333,0.49583333333333324,-0.0002989798591043612,170
overall__bayesian_veto_rate,minimum_quality_floor,10,0.7916666666666666,0.5541666666666666,-0.000335957542023436,171
overall__bayesian_veto_rate,minimum_quality_floor,11,0.875,0.6124999999999999,-0.00020511297272673897,170
overall__bayesian_veto_rate,minimum_quality_floor,12,0.9583333333333333,0.6708333333333333,-0.00021064159764925432,171
overall__controller_runtime_ms_per_epoch,min_epochs_floor,1,0.041666666666666664,16,-0.7024106017140654,171
overall__controller_runtime_ms_per_epoch,min_epochs_floor,2,0.125,23,-0.6942432315577712,170
overall__controller_runtime_ms_per_epoch,min_epochs_floor,3,0.20833333333333331,30,-0.6777819537469558,171
overall__controller_runtime_ms_per_epoch,min_epochs_floor,4,0.29166666666666663,37,-0.624551702131951,170
overall__controller_runtime_ms_per_epoch,min_epochs_floor,5,0.375,44,-0.4463416997626795,171
overall__controller_runtime_ms_per_epoch,min_epochs_floor,6,0.4583333333333333,51,-0.20975075760011874,171
overall__controller_runtime_ms_per_epoch,min_epochs_floor,7,0.5416666666666666,58,0.004078954979533811,171
overall__controller_runtime_ms_per_epoch,min_epochs_floor,8,0.625,65,0.2610073936397991,170
overall__controller_runtime_ms_per_epoch,min_epochs_floor,9,0.7083333333333333,72,0.516677177513223,171
overall__controller_runtime_ms_per_epoch,min_epochs_floor,10,0.7916666666666666,79,0.7027281031036511,170
overall__controller_runtime_ms_per_epoch,min_epochs_floor,11,0.875,86,0.8626611694966321,171
overall__controller_runtime_ms_per_epoch,min_epochs_floor,12,0.9583333333333333,93,1.0058507768044085,171
overall__controller_runtime_ms_per_epoch,utility_quantile,1,0.041666666666666664,0.04083333333333333,1.085895286970645,171
overall__controller_runtime_ms_per_epoch,utility_quantile,2,0.125,0.1025,0.8821524860823964,170
overall__controller_runtime_ms_per_epoch,utility_quantile,3,0.20833333333333331,0.16416666666666666,0.5578699102611064,171
overall__controller_runtime_ms_per_epoch,utility_quantile,4,0.29166666666666663,0.2258333333333333,0.17679105373307735,171
overall__controller_runtime_ms_per_epoch,utility_quantile,5,0.375,0.2875,-0.09705556496191892,170
overall__controller_runtime_ms_per_epoch,utility_quantile,6,0.4583333333333333,0.3491666666666667,-0.22181213389994725,171
overall__controller_runtime_ms_per_epoch,utility_quantile,7,0.5416666666666666,0.41083333333333333,-0.30775081827381934,171
overall__controller_runtime_ms_per_epoch,utility_quantile,8,0.625,0.47250000000000003,-0.37741507040872646,170
overall__controller_runtime_ms_per_epoch,utility_quantile,9,0.7083333333333333,0.5341666666666666,-0.4095116864555577,171
overall__controller_runtime_ms_per_epoch,utility_quantile,10,0.7916666666666666,0.5958333333333333,-0.4227751533021835,171
overall__controller_runtime_ms_per_epoch,utility_quantile,11,0.875,0.6575,-0.4311826942652335,170
overall__controller_runtime_ms_per_epoch,utility_quantile,12,0.9583333333333333,0.7191666666666666,-0.4353430473134834,171
overall__controller_runtime_ms_per_epoch,noise_multiplier,1,0.041666666666666664,0.40625,0.8204493959651105,171
overall__controller_runtime_ms_per_epoch,noise_multiplier,2,0.125,0.71875,0.44596760042649536,171
overall__controller_runtime_ms_per_epoch,noise_multiplier,3,0.20833333333333331,1.03125,0.06228408495299498,170
overall__controller_runtime_ms_per_epoch,noise_multiplier,4,0.29166666666666663,1.3437499999999998,-0.06732276669767712,171
overall__controller_runtime_ms_per_epoch,noise_multiplier,5,0.375,1.65625,-0.11460090220749908,171
overall__controller_runtime_ms_per_epoch,noise_multiplier,6,0.4583333333333333,1.96875,-0.13749513538949987,170
overall__controller_runtime_ms_per_epoch,noise_multiplier,7,0.5416666666666666,2.28125,-0.15284419630705048,170
overall__controller_runtime_ms_per_epoch,noise_multiplier,8,0.625,2.59375,-0.16209591143416657,171
overall__controller_runtime_ms_per_epoch,noise_multiplier,9,0.7083333333333333,2.9062499999999996,-0.1686471243326383,171
overall__controller_runtime_ms_per_epoch,noise_multiplier,10,0.7916666666666666,3.21875,-0.17368200432308256,170
overall__controller_runtime_ms_per_epoch,noise_multiplier,11,0.875,3.53125,-0.17645173250677326,171
overall__controller_runtime_ms_per_epoch,noise_multiplier,12,0.9583333333333333,3.8437499999999996,-0.17791064879572704,171
overall__controller_runtime_ms_per_epoch,minimum_quality_floor,1,0.041666666666666664,0.029166666666666664,-0.3036405410877025,171
overall__controller_runtime_ms_per_epoch,minimum_quality_floor,2,0.125,0.0875,-0.2585071246751882,171
overall__controller_runtime_ms_per_epoch,minimum_quality_floor,3,0.20833333333333331,0.14583333333333331,-0.20763924693930494,170
overall__controller_runtime_ms_per_epoch,minimum_quality_floor,4,0.29166666666666663,0.20416666666666664,-0.192102560008906,171
overall__controller_runtime_ms_per_epoch,minimum_quality_floor,5,0.375,0.26249999999999996,-0.18117837932265624,170
overall__controller_runtime_ms_per_epoch,minimum_quality_floor,6,0.4583333333333333,0.3208333333333333,-0.17117388750194495,171
overall__controller_runtime_ms_per_epoch,minimum_quality_floor,7,0.5416666666666666,0.3791666666666666,-0.15685160524811637,171
overall__controller_runtime_ms_per_epoch,minimum_quality_floor,8,0.625,0.4375,-0.06326398135855449,171
overall__controller_runtime_ms_per_epoch,minimum_quality_floor,9,0.7083333333333333,0.49583333333333324,0.17735335775144762,170
overall__controller_runtime_ms_per_epoch,minimum_quality_floor,10,0.7916666666666666,0.5541666666666666,0.38587307700602935,171
overall__controller_runtime_ms_per_epoch,minimum_quality_floor,11,0.875,0.6124999999999999,0.46457083525194365,170
overall__controller_runtime_ms_per_epoch,minimum_quality_floor,12,0.9583333333333333,0.6708333333333333,0.5080402114940143,171
overall__controller_runtime_ms_per_epoch,trend_window,1,0.041666666666666664,5,-0.10558918052404972,171
overall__controller_runtime_ms_per_epoch,trend_window,2,0.125,7,-0.09018598710643941,171
overall__controller_runtime_ms_per_epoch,trend_window,3,0.20833333333333331,9,-0.07487813028254478,170
overall__controller_runtime_ms_per_epoch,trend_window,4,0.29166666666666663,12,-0.062222525266566575,171
overall__controller_runtime_ms_per_epoch,trend_window,5,0.375,14,-0.042429644545828205,170
overall__controller_runtime_ms_per_epoch,trend_window,6,0.4583333333333333,16,-0.01572795419618972,171
overall__controller_runtime_ms_per_epoch,trend_window,7,0.5416666666666666,18,0.010578017924838062,170
overall__controller_runtime_ms_per_epoch,trend_window,8,0.625,20,0.03955414233180515,171
overall__controller_runtime_ms_per_epoch,trend_window,9,0.7083333333333333,22,0.06229353627948142,171
overall__controller_runtime_ms_per_epoch,trend_window,10,0.7916666666666666,25,0.07798215396854641,171
overall__controller_runtime_ms_per_epoch,trend_window,11,0.875,27,0.09510225153465235,170
overall__controller_runtime_ms_per_epoch,trend_window,12,0.9583333333333333,29,0.10545532277487457,171
image_classification__mean_energy_saving_fraction,min_epochs_floor,1,0.041666666666666664,16,0.15132340036497147,171
image_classification__mean_energy_saving_fraction,min_epochs_floor,2,0.125,23,0.1489377113731211,170
image_classification__mean_energy_saving_fraction,min_epochs_floor,3,0.20833333333333331,30,0.14477647406049737,171
image_classification__mean_energy_saving_fraction,min_epochs_floor,4,0.29166666666666663,37,0.13033233584904272,170
image_classification__mean_energy_saving_fraction,min_epochs_floor,5,0.375,44,0.0876899819640649,171
image_classification__mean_energy_saving_fraction,min_epochs_floor,6,0.4583333333333333,51,0.028072609338106985,171
image_classification__mean_energy_saving_fraction,min_epochs_floor,7,0.5416666666666666,58,-0.02577382562476488,171
image_classification__mean_energy_saving_fraction,min_epochs_floor,8,0.625,65,-0.07551881412262879,170
image_classification__mean_energy_saving_fraction,min_epochs_floor,9,0.7083333333333333,72,-0.11440593252304349,171
image_classification__mean_energy_saving_fraction,min_epochs_floor,10,0.7916666666666666,79,-0.1397064104636409,170
image_classification__mean_energy_saving_fraction,min_epochs_floor,11,0.875,86,-0.16005413027889764,171
image_classification__mean_energy_saving_fraction,min_epochs_floor,12,0.9583333333333333,93,-0.1752988688103032,171
image_classification__mean_energy_saving_fraction,utility_quantile,1,0.041666666666666664,0.04083333333333333,-0.17897783550608584,171
image_classification__mean_energy_saving_fraction,utility_quantile,2,0.125,0.1025,-0.16853897867918233,170
image_classification__mean_energy_saving_fraction,utility_quantile,3,0.20833333333333331,0.16416666666666666,-0.13415760388602085,171
image_classification__mean_energy_saving_fraction,utility_quantile,4,0.29166666666666663,0.2258333333333333,-0.06685660522097084,171
image_classification__mean_energy_saving_fraction,utility_quantile,5,0.375,0.2875,-0.0036305595173241334,170
image_classification__mean_energy_saving_fraction,utility_quantile,6,0.4583333333333333,0.3491666666666667,0.031634792527752725,171
image_classification__mean_energy_saving_fraction,utility_quantile,7,0.5416666666666666,0.41083333333333333,0.05939480571181158,171
image_classification__mean_energy_saving_fraction,utility_quantile,8,0.625,0.47250000000000003,0.0812338332780082,170
image_classification__mean_energy_saving_fraction,utility_quantile,9,0.7083333333333333,0.5341666666666666,0.09034700022785874,171
image_classification__mean_energy_saving_fraction,utility_quantile,10,0.7916666666666666,0.5958333333333333,0.09439806128358735,171
image_classification__mean_energy_saving_fraction,utility_quantile,11,0.875,0.6575,0.09706989497074592,170
image_classification__mean_energy_saving_fraction,utility_quantile,12,0.9583333333333333,0.7191666666666666,0.09811906726626535,171
image_classification__mean_energy_saving_fraction,noise_multiplier,1,0.041666666666666664,0.40625,-0.1544512899805186,171
image_classification__mean_energy_saving_fraction,noise_multiplier,2,0.125,0.71875,-0.0878130130384617,171
image_classification__mean_energy_saving_fraction,noise_multiplier,3,0.20833333333333331,1.03125,-0.016099574240714037,170
image_classification__mean_energy_saving_fraction,noise_multiplier,4,0.29166666666666663,1.3437499999999998,0.010997321918362446,171
image_classification__mean_energy_saving_fraction,noise_multiplier,5,0.375,1.65625,0.021265615749159417,171
image_classification__mean_energy_saving_fraction,noise_multiplier,6,0.4583333333333333,1.96875,0.026638937410740915,170
image_classification__mean_energy_saving_fraction,noise_multiplier,7,0.5416666666666666,2.28125,0.02998091048672627,170
image_classification__mean_energy_saving_fraction,noise_multiplier,8,0.625,2.59375,0.0320651105722545,171
image_classification__mean_energy_saving_fraction,noise_multiplier,9,0.7083333333333333,2.9062499999999996,0.033497360376284396,171
image_classification__mean_energy_saving_fraction,noise_multiplier,10,0.7916666666666666,3.21875,0.03452306847051556,170
image_classification__mean_energy_saving_fraction,noise_multiplier,11,0.875,3.53125,0.03492595990456973,171
image_classification__mean_energy_saving_fraction,noise_multiplier,12,0.9583333333333333,3.8437499999999996,0.03490844232504156,171
image_classification__mean_energy_saving_fraction,minimum_quality_floor,1,0.041666666666666664,0.029166666666666664,0.019352761653160917,171
image_classification__mean_energy_saving_fraction,minimum_quality_floor,2,0.125,0.0875,0.018842899221306733,171
image_classification__mean_energy_saving_fraction,minimum_quality_floor,3,0.20833333333333331,0.14583333333333331,0.018556671864659247,170
image_classification__mean_energy_saving_fraction,minimum_quality_floor,4,0.29166666666666663,0.20416666666666664,0.018305699170529603,171
image_classification__mean_energy_saving_fraction,minimum_quality_floor,5,0.375,0.26249999999999996,0.01754225577013907,170
image_classification__mean_energy_saving_fraction,minimum_quality_floor,6,0.4583333333333333,0.3208333333333333,0.017095624032799205,171
image_classification__mean_energy_saving_fraction,minimum_quality_floor,7,0.5416666666666666,0.3791666666666666,0.01651242099245468,171
image_classification__mean_energy_saving_fraction,minimum_quality_floor,8,0.625,0.4375,0.014326304727277615,171
image_classification__mean_energy_saving_fraction,minimum_quality_floor,9,0.7083333333333333,0.49583333333333324,-0.001597160288208655,170
image_classification__mean_energy_saving_fraction,minimum_quality_floor,10,0.7916666666666666,0.5541666666666666,-0.027478136771205638,171
image_classification__mean_energy_saving_fraction,minimum_quality_floor,11,0.875,0.6124999999999999,-0.047734876658735506,170
image_classification__mean_energy_saving_fraction,minimum_quality_floor,12,0.9583333333333333,0.6708333333333333,-0.06380185031834187,171
image_classification__mean_energy_saving_fraction,trend_window,1,0.041666666666666664,5,-0.0005908611521877172,171
image_classification__mean_energy_saving_fraction,trend_window,2,0.125,7,-0.0018129488578584952,171
image_classification__mean_energy_saving_fraction,trend_window,3,0.20833333333333331,9,-0.0010710804382668792,170
image_classification__mean_energy_saving_fraction,trend_window,4,0.29166666666666663,12,1.3503796440207292e-05,171
image_classification__mean_energy_saving_fraction,trend_window,5,0.375,14,0.00010210977612456964,170
image_classification__mean_energy_saving_fraction,trend_window,6,0.4583333333333333,16,3.9163361801223195e-05,171
image_classification__mean_energy_saving_fraction,trend_window,7,0.5416666666666666,18,0.0002641064535486887,170
image_classification__mean_energy_saving_fraction,trend_window,8,0.625,20,0.00029777044298527676,171
image_classification__mean_energy_saving_fraction,trend_window,9,0.7083333333333333,22,0.00046201704771934676,171
image_classification__mean_energy_saving_fraction,trend_window,10,0.7916666666666666,25,0.0008070989583193357,171
image_classification__mean_energy_saving_fraction,trend_window,11,0.875,27,0.0008304652406734435,170
image_classification__mean_energy_saving_fraction,trend_window,12,0.9583333333333333,29,0.0006593898796605306,171
image_classification__mean_quality_regret_pp,min_epochs_floor,1,0.041666666666666664,16,3.257734385117757,171
image_classification__mean_quality_regret_pp,min_epochs_floor,2,0.125,23,3.2151267125030327,170
image_classification__mean_quality_regret_pp,min_epochs_floor,3,0.20833333333333331,30,3.1332481671818506,171
image_classification__mean_quality_regret_pp,min_epochs_floor,4,0.29166666666666663,37,2.85895373010782,170
image_classification__mean_quality_regret_pp,min_epochs_floor,5,0.375,44,2.07613707080512,171
image_classification__mean_quality_regret_pp,min_epochs_floor,6,0.4583333333333333,51,0.7902634334998009,171
image_classification__mean_quality_regret_pp,min_epochs_floor,7,0.5416666666666666,58,-0.48760072682731925,171
image_classification__mean_quality_regret_pp,min_epochs_floor,8,0.625,65,-1.715476563987051,170
image_classification__mean_quality_regret_pp,min_epochs_floor,9,0.7083333333333333,72,-2.7341299830620627,171
image_classification__mean_quality_regret_pp,min_epochs_floor,10,0.7916666666666666,79,-3.2734914918701903,170
image_classification__mean_quality_regret_pp,min_epochs_floor,11,0.875,86,-3.5238773995444688,171
image_classification__mean_quality_regret_pp,min_epochs_floor,12,0.9583333333333333,93,-3.5905416474520453,171
image_classification__mean_quality_regret_pp,utility_quantile,1,0.041666666666666664,0.04083333333333333,-3.484721805099803,171
image_classification__mean_quality_regret_pp,utility_quantile,2,0.125,0.1025,-3.300060755546471,170
image_classification__mean_quality_regret_pp,utility_quantile,3,0.20833333333333331,0.16416666666666666,-2.633827045321695,171
image_classification__mean_quality_regret_pp,utility_quantile,4,0.29166666666666663,0.2258333333333333,-1.2795868583271233,171
image_classification__mean_quality_regret_pp,utility_quantile,5,0.375,0.2875,0.039993192528716026,170
image_classification__mean_quality_regret_pp,utility_quantile,6,0.4583333333333333,0.3491666666666667,0.744083212256065,171
image_classification__mean_quality_regret_pp,utility_quantile,7,0.5416666666666666,0.41083333333333333,1.1973007258252233,171
image_classification__mean_quality_regret_pp,utility_quantile,8,0.625,0.47250000000000003,1.5608583559548075,170
image_classification__mean_quality_regret_pp,utility_quantile,9,0.7083333333333333,0.5341666666666666,1.715918243309245,171
image_classification__mean_quality_regret_pp,utility_quantile,10,0.7916666666666666,0.5958333333333333,1.7798881133547297,171
image_classification__mean_quality_regret_pp,utility_quantile,11,0.875,0.6575,1.8224445539446759,170
image_classification__mean_quality_regret_pp,utility_quantile,12,0.9583333333333333,0.7191666666666666,1.8384307416647943,171
image_classification__mean_quality_regret_pp,noise_multiplier,1,0.041666666666666664,0.40625,-3.0607322749327626,171
image_classification__mean_quality_regret_pp,noise_multiplier,2,0.125,0.71875,-1.723320300049567,171
image_classification__mean_quality_regret_pp,noise_multiplier,3,0.20833333333333331,1.03125,-0.2660821300338445,170
image_classification__mean_quality_regret_pp,noise_multiplier,4,0.29166666666666663,1.3437499999999998,0.2508916492403621,171
image_classification__mean_quality_regret_pp,noise_multiplier,5,0.375,1.65625,0.4435490947187688,171
image_classification__mean_quality_regret_pp,noise_multiplier,6,0.4583333333333333,1.96875,0.5398564351640327,170
image_classification__mean_quality_regret_pp,noise_multiplier,7,0.5416666666666666,2.28125,0.5917400417103549,170
image_classification__mean_quality_regret_pp,noise_multiplier,8,0.625,2.59375,0.6199999982489266,171
image_classification__mean_quality_regret_pp,noise_multiplier,9,0.7083333333333333,2.9062499999999996,0.6404529090818216,171
image_classification__mean_quality_regret_pp,noise_multiplier,10,0.7916666666666666,3.21875,0.6561139208769231,170
image_classification__mean_quality_regret_pp,noise_multiplier,11,0.875,3.53125,0.6598315974628597,171
image_classification__mean_quality_regret_pp,noise_multiplier,12,0.9583333333333333,3.8437499999999996,0.6565974694344554,171
image_classification__mean_quality_regret_pp,minimum_quality_floor,1,0.041666666666666664,0.029166666666666664,0.5189760726395574,171
image_classification__mean_quality_regret_pp,minimum_quality_floor,2,0.125,0.0875,0.5022681649459407,171
image_classification__mean_quality_regret_pp,minimum_quality_floor,3,0.20833333333333331,0.14583333333333331,0.4929678399586359,170
image_classification__mean_quality_regret_pp,minimum_quality_floor,4,0.29166666666666663,0.20416666666666664,0.49024450122554647,171
image_classification__mean_quality_regret_pp,minimum_quality_floor,5,0.375,0.26249999999999996,0.4772271758366846,170
image_classification__mean_quality_regret_pp,minimum_quality_floor,6,0.4583333333333333,0.3208333333333333,0.4672067811232765,171
image_classification__mean_quality_regret_pp,minimum_quality_floor,7,0.5416666666666666,0.3791666666666666,0.44531815672663644,171
image_classification__mean_quality_regret_pp,minimum_quality_floor,8,0.625,0.4375,0.39279356003389343,171
image_classification__mean_quality_regret_pp,minimum_quality_floor,9,0.7083333333333333,0.49583333333333324,-0.02680121562497484,170
image_classification__mean_quality_regret_pp,minimum_quality_floor,10,0.7916666666666666,0.5541666666666666,-0.7454349131547415,171
image_classification__mean_quality_regret_pp,minimum_quality_floor,11,0.875,0.6124999999999999,-1.3058709951607357,170
image_classification__mean_quality_regret_pp,minimum_quality_floor,12,0.9583333333333333,0.6708333333333333,-1.7110148782280246,171
image_classification__mean_quality_regret_pp,trend_window,1,0.041666666666666664,5,0.0524101114499949,171
image_classification__mean_quality_regret_pp,trend_window,2,0.125,7,0.026394624584683467,171
image_classification__mean_quality_regret_pp,trend_window,3,0.20833333333333331,9,0.023146727808769793,170
image_classification__mean_quality_regret_pp,trend_window,4,0.29166666666666663,12,0.01869839644587412,171
image_classification__mean_quality_regret_pp,trend_window,5,0.375,14,0.0016285939186576476,170
image_classification__mean_quality_regret_pp,trend_window,6,0.4583333333333333,16,-0.014110905967955237,171
image_classification__mean_quality_regret_pp,trend_window,7,0.5416666666666666,18,-0.018706577411224473,170
image_classification__mean_quality_regret_pp,trend_window,8,0.625,20,-0.019985106480812156,171
image_classification__mean_quality_regret_pp,trend_window,9,0.7083333333333333,22,-0.01894785120269911,171
image_classification__mean_quality_regret_pp,trend_window,10,0.7916666666666666,25,-0.015856072218200942,171
image_classification__mean_quality_regret_pp,trend_window,11,0.875,27,-0.015886261716168346,170
image_classification__mean_quality_regret_pp,trend_window,12,0.9583333333333333,29,-0.018843091593375758,171
image_classification__mean_stop_epoch,min_epochs_floor,1,0.041666666666666664,16,-15.090684865627544,171
image_classification__mean_stop_epoch,min_epochs_floor,2,0.125,23,-14.852355787064667,170
image_classification__mean_stop_epoch,min_epochs_floor,3,0.20833333333333331,30,-14.435987002755944,171
image_classification__mean_stop_epoch,min_epochs_floor,4,0.29166666666666663,37,-12.988143036942992,170
image_classification__mean_stop_epoch,min_epochs_floor,5,0.375,44,-8.728997447085355,171
image_classification__mean_stop_epoch,min_epochs_floor,6,0.4583333333333333,51,-2.8001905956044055,171
image_classification__mean_stop_epoch,min_epochs_floor,7,0.5416666666666666,58,2.548572295667377,171
image_classification__mean_stop_epoch,min_epochs_floor,8,0.625,65,7.510275631325889,170
image_classification__mean_stop_epoch,min_epochs_floor,9,0.7083333333333333,72,11.394535401894853,171
image_classification__mean_stop_epoch,min_epochs_floor,10,0.7916666666666666,79,13.926401970368186,170
image_classification__mean_stop_epoch,min_epochs_floor,11,0.875,86,15.96920974334854,171
image_classification__mean_stop_epoch,min_epochs_floor,12,0.9583333333333333,93,17.509914445561943,171
image_classification__mean_stop_epoch,utility_quantile,1,0.041666666666666664,0.04083333333333333,17.900204840382152,171
image_classification__mean_stop_epoch,utility_quantile,2,0.125,0.1025,16.85978006900315,170
image_classification__mean_stop_epoch,utility_quantile,3,0.20833333333333331,0.16416666666666666,13.427585622318043,171
image_classification__mean_stop_epoch,utility_quantile,4,0.29166666666666663,0.2258333333333333,6.700848778328503,171
image_classification__mean_stop_epoch,utility_quantile,5,0.375,0.2875,0.3735705672327754,170
image_classification__mean_stop_epoch,utility_quantile,6,0.4583333333333333,0.3491666666666667,-3.158963850222463,171
image_classification__mean_stop_epoch,utility_quantile,7,0.5416666666666666,0.41083333333333333,-5.941176617222268,171
image_classification__mean_stop_epoch,utility_quantile,8,0.625,0.47250000000000003,-8.131912723316752,170
image_classification__mean_stop_epoch,utility_quantile,9,0.7083333333333333,0.5341666666666666,-9.04484061997303,171
image_classification__mean_stop_epoch,utility_quantile,10,0.7916666666666666,0.5958333333333333,-9.44981403473421,171
image_classification__mean_stop_epoch,utility_quantile,11,0.875,0.6575,-9.717027177203672,170
image_classification__mean_stop_epoch,utility_quantile,12,0.9583333333333333,0.7191666666666666,-9.821854791810274,171
image_classification__mean_stop_epoch,noise_multiplier,1,0.041666666666666664,0.40625,15.44918538721292,171
image_classification__mean_stop_epoch,noise_multiplier,2,0.125,0.71875,8.784378628804543,171
image_classification__mean_stop_epoch,noise_multiplier,3,0.20833333333333331,1.03125,1.6112647234018276,170
image_classification__mean_stop_epoch,noise_multiplier,4,0.29166666666666663,1.3437499999999998,-1.0964487602933168,171
image_classification__mean_stop_epoch,noise_multiplier,5,0.375,1.65625,-2.12339089185679,171
image_classification__mean_stop_epoch,noise_multiplier,6,0.4583333333333333,1.96875,-2.66245327606865,170
image_classification__mean_stop_epoch,noise_multiplier,7,0.5416666666666666,2.28125,-2.998525464573678,170
image_classification__mean_stop_epoch,noise_multiplier,8,0.625,2.59375,-3.2083521470963774,171
image_classification__mean_stop_epoch,noise_multiplier,9,0.7083333333333333,2.9062499999999996,-3.352484885062694,171
image_classification__mean_stop_epoch,noise_multiplier,10,0.7916666666666666,3.21875,-3.455726410342397,170
image_classification__mean_stop_epoch,noise_multiplier,11,0.875,3.53125,-3.4964676416773592,171
image_classification__mean_stop_epoch,noise_multiplier,12,0.9583333333333333,3.8437499999999996,-3.4948707269368064,171
image_classification__mean_stop_epoch,minimum_quality_floor,1,0.041666666666666664,0.029166666666666664,-1.9382032357585377,171
image_classification__mean_stop_epoch,minimum_quality_floor,2,0.125,0.0875,-1.887072689485441,171
image_classification__mean_stop_epoch,minimum_quality_floor,3,0.20833333333333331,0.14583333333333331,-1.8587678528431775,170
image_classification__mean_stop_epoch,minimum_quality_floor,4,0.29166666666666663,0.20416666666666664,-1.8343936162349566,171
image_classification__mean_stop_epoch,minimum_quality_floor,5,0.375,0.26249999999999996,-1.7585664423407068,170
image_classification__mean_stop_epoch,minimum_quality_floor,6,0.4583333333333333,0.3208333333333333,-1.714097360177842,171
image_classification__mean_stop_epoch,minimum_quality_floor,7,0.5416666666666666,0.3791666666666666,-1.6557515148546558,171
image_classification__mean_stop_epoch,minimum_quality_floor,8,0.625,0.4375,-1.437445914423932,171
image_classification__mean_stop_epoch,minimum_quality_floor,9,0.7083333333333333,0.49583333333333324,0.15965489892322537,170
image_classification__mean_stop_epoch,minimum_quality_floor,10,0.7916666666666666,0.5541666666666666,2.75489390393306,171
image_classification__mean_stop_epoch,minimum_quality_floor,11,0.875,0.6124999999999999,4.784219242208395,170
image_classification__mean_stop_epoch,minimum_quality_floor,12,0.9583333333333333,0.6708333333333333,6.393288124013329,171
image_classification__mean_stop_epoch,trend_window,1,0.041666666666666664,5,0.06695621224774462,171
image_classification__mean_stop_epoch,trend_window,2,0.125,7,0.1881284309890452,171
image_classification__mean_stop_epoch,trend_window,3,0.20833333333333331,9,0.1118041058788832,170
image_classification__mean_stop_epoch,trend_window,4,0.29166666666666663,12,0.0008044433768849141,171
image_classification__mean_stop_epoch,trend_window,5,0.375,14,-0.010156062144655385,170
image_classification__mean_stop_epoch,trend_window,6,0.4583333333333333,16,-0.005224343535912168,171
image_classification__mean_stop_epoch,trend_window,7,0.5416666666666666,18,-0.02850091122601878,170
image_classification__mean_stop_epoch,trend_window,8,0.625,20,-0.03254196214064651,171
image_classification__mean_stop_epoch,trend_window,9,0.7083333333333333,22,-0.04953211241344766,171
image_classification__mean_stop_epoch,trend_window,10,0.7916666666666666,25,-0.08443784253092348,171
image_classification__mean_stop_epoch,trend_window,11,0.875,27,-0.08715968622725012,170
image_classification__mean_stop_epoch,trend_window,12,0.9583333333333333,29,-0.0702222170322947,171
object_detection__mean_energy_saving_fraction,min_epochs_floor,1,0.041666666666666664,16,0.11315430755929072,171
object_detection__mean_energy_saving_fraction,min_epochs_floor,2,0.125,23,0.11241829045974747,170
object_detection__mean_energy_saving_fraction,min_epochs_floor,3,0.20833333333333331,30,0.10991172205697901,171
object_detection__mean_energy_saving_fraction,min_epochs_floor,4,0.29166666666666663,37,0.09993607258209838,170
object_detection__mean_energy_saving_fraction,min_epochs_floor,5,0.375,44,0.07683013175101236,171
object_detection__mean_energy_saving_fraction,min_epochs_floor,6,0.4583333333333333,51,0.045884935142504066,171
object_detection__mean_energy_saving_fraction,min_epochs_floor,7,0.5416666666666666,58,0.009612243692637634,171
object_detection__mean_energy_saving_fraction,min_epochs_floor,8,0.625,65,-0.03200806654776443,170
object_detection__mean_energy_saving_fraction,min_epochs_floor,9,0.7083333333333333,72,-0.07690776901847766,171
object_detection__mean_energy_saving_fraction,min_epochs_floor,10,0.7916666666666666,79,-0.11759337292718967,170
object_detection__mean_energy_saving_fraction,min_epochs_floor,11,0.875,86,-0.1537755479292056,171
object_detection__mean_energy_saving_fraction,min_epochs_floor,12,0.9583333333333333,93,-0.18709597066042244,171
object_detection__mean_energy_saving_fraction,minimum_quality_floor,1,0.041666666666666664,0.029166666666666664,0.05630214094544933,171
object_detection__mean_energy_saving_fraction,minimum_quality_floor,2,0.125,0.0875,0.05619067782436477,171
object_detection__mean_energy_saving_fraction,minimum_quality_floor,3,0.20833333333333331,0.14583333333333331,0.05570471306093725,170
object_detection__mean_energy_saving_fraction,minimum_quality_floor,4,0.29166666666666663,0.20416666666666664,0.055075539933445924,171
object_detection__mean_energy_saving_fraction,minimum_quality_floor,5,0.375,0.26249999999999996,0.05370251060811518,170
object_detection__mean_energy_saving_fraction,minimum_quality_floor,6,0.4583333333333333,0.3208333333333333,0.05175077818366708,171
object_detection__mean_energy_saving_fraction,minimum_quality_floor,7,0.5416666666666666,0.3791666666666666,0.04779114926066792,171
object_detection__mean_energy_saving_fraction,minimum_quality_floor,8,0.625,0.4375,0.02710499301673095,171
object_detection__mean_energy_saving_fraction,minimum_quality_floor,9,0.7083333333333333,0.49583333333333324,-0.04729884716026582,170
object_detection__mean_energy_saving_fraction,minimum_quality_floor,10,0.7916666666666666,0.5541666666666666,-0.11181754740898314,171
object_detection__mean_energy_saving_fraction,minimum_quality_floor,11,0.875,0.6124999999999999,-0.12141800057166724,170
object_detection__mean_energy_saving_fraction,minimum_quality_floor,12,0.9583333333333333,0.6708333333333333,-0.12343494759926271,171
object_detection__mean_energy_saving_fraction,utility_quantile,1,0.041666666666666664,0.04083333333333333,-0.16758748186620692,171
object_detection__mean_energy_saving_fraction,utility_quantile,2,0.125,0.1025,-0.10192179982380074,170
object_detection__mean_energy_saving_fraction,utility_quantile,3,0.20833333333333331,0.16416666666666666,-0.031939798099408945,171
object_detection__mean_energy_saving_fraction,utility_quantile,4,0.29166666666666663,0.2258333333333333,0.011707920675771671,171
object_detection__mean_energy_saving_fraction,utility_quantile,5,0.375,0.2875,0.0285484821128619,170
object_detection__mean_energy_saving_fraction,utility_quantile,6,0.4583333333333333,0.3491666666666667,0.03454721873433597,171
object_detection__mean_energy_saving_fraction,utility_quantile,7,0.5416666666666666,0.41083333333333333,0.03670265281504195,171
object_detection__mean_energy_saving_fraction,utility_quantile,8,0.625,0.47250000000000003,0.03732934572189334,170
object_detection__mean_energy_saving_fraction,utility_quantile,9,0.7083333333333333,0.5341666666666666,0.03793014461255367,171
object_detection__mean_energy_saving_fraction,utility_quantile,10,0.7916666666666666,0.5958333333333333,0.0382114663099149,171
object_detection__mean_energy_saving_fraction,utility_quantile,11,0.875,0.6575,0.03835630250520547,170
object_detection__mean_energy_saving_fraction,utility_quantile,12,0.9583333333333333,0.7191666666666666,0.038129068702517144,171
object_detection__mean_energy_saving_fraction,noise_multiplier,1,0.041666666666666664,0.40625,-0.1319538144483282,171
object_detection__mean_energy_saving_fraction,noise_multiplier,2,0.125,0.71875,-0.08028303005832392,171
object_detection__mean_energy_saving_fraction,noise_multiplier,3,0.20833333333333331,1.03125,-0.018702384305279096,170
object_detection__mean_energy_saving_fraction,noise_multiplier,4,0.29166666666666663,1.3437499999999998,0.006675428880281248,171
object_detection__mean_energy_saving_fraction,noise_multiplier,5,0.375,1.65625,0.017526615298375042,171
object_detection__mean_energy_saving_fraction,noise_multiplier,6,0.4583333333333333,1.96875,0.023360267007883795,170
object_detection__mean_energy_saving_fraction,noise_multiplier,7,0.5416666666666666,2.28125,0.02668579820789027,170
object_detection__mean_energy_saving_fraction,noise_multiplier,8,0.625,2.59375,0.028748564285778405,171
object_detection__mean_energy_saving_fraction,noise_multiplier,9,0.7083333333333333,2.9062499999999996,0.03034067578732111,171
object_detection__mean_energy_saving_fraction,noise_multiplier,10,0.7916666666666666,3.21875,0.03179873184569659,170
object_detection__mean_energy_saving_fraction,noise_multiplier,11,0.875,3.53125,0.03281387132038174,171
object_detection__mean_energy_saving_fraction,noise_multiplier,12,0.9583333333333333,3.8437499999999996,0.03335853005409031,171
object_detection__mean_energy_saving_fraction,trend_window,1,0.041666666666666664,5,0.0005997424078390893,171
object_detection__mean_energy_saving_fraction,trend_window,2,0.125,7,0.001846804916058146,171
object_detection__mean_energy_saving_fraction,trend_window,3,0.20833333333333331,9,0.003619256255918747,170
object_detection__mean_energy_saving_fraction,trend_window,4,0.29166666666666663,12,0.005200625801924045,171
object_detection__mean_energy_saving_fraction,trend_window,5,0.375,14,0.0055628657258372845,170
object_detection__mean_energy_saving_fraction,trend_window,6,0.4583333333333333,16,0.004814894418104486,171
object_detection__mean_energy_saving_fraction,trend_window,7,0.5416666666666666,18,0.0034325220688871945,170
object_detection__mean_energy_saving_fraction,trend_window,8,0.625,20,0.0006609516918108103,171
object_detection__mean_energy_saving_fraction,trend_window,9,0.7083333333333333,22,-0.002777689451803588,171
object_detection__mean_energy_saving_fraction,trend_window,10,0.7916666666666666,25,-0.005531142469788357,171
object_detection__mean_energy_saving_fraction,trend_window,11,0.875,27,-0.007843771413664952,170
object_detection__mean_energy_saving_fraction,trend_window,12,0.9583333333333333,29,-0.009557160111140576,171
object_detection__mean_quality_regret_pp,min_epochs_floor,1,0.041666666666666664,16,1.164990385295283,171
object_detection__mean_quality_regret_pp,min_epochs_floor,2,0.125,23,1.1540197332229727,170
object_detection__mean_quality_regret_pp,min_epochs_floor,3,0.20833333333333331,30,1.1179222734949499,171
object_detection__mean_quality_regret_pp,min_epochs_floor,4,0.29166666666666663,37,0.9453646293571389,170
object_detection__mean_quality_regret_pp,min_epochs_floor,5,0.375,44,0.5864611581323198,171
object_detection__mean_quality_regret_pp,min_epochs_floor,6,0.4583333333333333,51,0.23449439407801342,171
object_detection__mean_quality_regret_pp,min_epochs_floor,7,0.5416666666666666,58,-0.08777055551537272,171
object_detection__mean_quality_regret_pp,min_epochs_floor,8,0.625,65,-0.4611256280724352,170
object_detection__mean_quality_regret_pp,min_epochs_floor,9,0.7083333333333333,72,-0.8184846696281454,171
object_detection__mean_quality_regret_pp,min_epochs_floor,10,0.7916666666666666,79,-1.0974913728467612,170
object_detection__mean_quality_regret_pp,min_epochs_floor,11,0.875,86,-1.3029481183133376,171
object_detection__mean_quality_regret_pp,min_epochs_floor,12,0.9583333333333333,93,-1.4322698469726909,171
object_detection__mean_quality_regret_pp,minimum_quality_floor,1,0.041666666666666664,0.029166666666666664,0.462106986577426,171
object_detection__mean_quality_regret_pp,minimum_quality_floor,2,0.125,0.0875,0.4646519836495812,171
object_detection__mean_quality_regret_pp,minimum_quality_floor,3,0.20833333333333331,0.14583333333333331,0.461609791200753,170
object_detection__mean_quality_regret_pp,minimum_quality_floor,4,0.29166666666666663,0.20416666666666664,0.4558116173342602,171
object_detection__mean_quality_regret_pp,minimum_quality_floor,5,0.375,0.26249999999999996,0.4428525840684525,170
object_detection__mean_quality_regret_pp,minimum_quality_floor,6,0.4583333333333333,0.3208333333333333,0.4253050555321899,171
object_detection__mean_quality_regret_pp,minimum_quality_floor,7,0.5416666666666666,0.3791666666666666,0.3852164316351276,171
object_detection__mean_quality_regret_pp,minimum_quality_floor,8,0.625,0.4375,0.14216646336802063,171
object_detection__mean_quality_regret_pp,minimum_quality_floor,9,0.7083333333333333,0.49583333333333324,-0.45957959401805426,170
object_detection__mean_quality_regret_pp,minimum_quality_floor,10,0.7916666666666666,0.5541666666666666,-0.889922404487079,171
object_detection__mean_quality_regret_pp,minimum_quality_floor,11,0.875,0.6124999999999999,-0.9421202768971269,170
object_detection__mean_quality_regret_pp,minimum_quality_floor,12,0.9583333333333333,0.6708333333333333,-0.9510064595755154,171
object_detection__mean_quality_regret_pp,utility_quantile,1,0.041666666666666664,0.04083333333333333,-1.2369646299398926,171
object_detection__mean_quality_regret_pp,utility_quantile,2,0.125,0.1025,-0.8715838354056425,170
object_detection__mean_quality_regret_pp,utility_quantile,3,0.20833333333333331,0.16416666666666666,-0.36665533909122194,171
object_detection__mean_quality_regret_pp,utility_quantile,4,0.29166666666666663,0.2258333333333333,0.04426801963808358,171
object_detection__mean_quality_regret_pp,utility_quantile,5,0.375,0.2875,0.22771222306120142,170
object_detection__mean_quality_regret_pp,utility_quantile,6,0.4583333333333333,0.3491666666666667,0.2890496873770343,171
object_detection__mean_quality_regret_pp,utility_quantile,7,0.5416666666666666,0.41083333333333333,0.311863812193963,171
object_detection__mean_quality_regret_pp,utility_quantile,8,0.625,0.47250000000000003,0.317905622060616,170
object_detection__mean_quality_regret_pp,utility_quantile,9,0.7083333333333333,0.5341666666666666,0.32153627049681566,171
object_detection__mean_quality_regret_pp,utility_quantile,10,0.7916666666666666,0.5958333333333333,0.3220704103951726,171
object_detection__mean_quality_regret_pp,utility_quantile,11,0.875,0.6575,0.32175586118531996,170
object_detection__mean_quality_regret_pp,utility_quantile,12,0.9583333333333333,0.7191666666666666,0.3190172773905482,171
object_detection__mean_quality_regret_pp,noise_multiplier,1,0.041666666666666664,0.40625,-1.089399265336228,171
object_detection__mean_quality_regret_pp,noise_multiplier,2,0.125,0.71875,-0.6450055239934166,171
object_detection__mean_quality_regret_pp,noise_multiplier,3,0.20833333333333331,1.03125,-0.1381420335000385,170
object_detection__mean_quality_regret_pp,noise_multiplier,4,0.29166666666666663,1.3437499999999998,0.06606274961597092,171
object_detection__mean_quality_regret_pp,noise_multiplier,5,0.375,1.65625,0.14609928350921675,171
object_detection__mean_quality_regret_pp,noise_multiplier,6,0.4583333333333333,1.96875,0.18807295402492508,170
object_detection__mean_quality_regret_pp,noise_multiplier,7,0.5416666666666666,2.28125,0.21252241035532715,170
object_detection__mean_quality_regret_pp,noise_multiplier,8,0.625,2.59375,0.22868769916877318,171
object_detection__mean_quality_regret_pp,noise_multiplier,9,0.7083333333333333,2.9062499999999996,0.24292219163643947,171
object_detection__mean_quality_regret_pp,noise_multiplier,10,0.7916666666666666,3.21875,0.2563777300764254,170
object_detection__mean_quality_regret_pp,noise_multiplier,11,0.875,3.53125,0.2651258329637953,171
object_detection__mean_quality_regret_pp,noise_multiplier,12,0.9583333333333333,3.8437499999999996,0.2697100712504843,171
object_detection__mean_quality_regret_pp,trend_window,1,0.041666666666666664,5,0.005873436928762118,171
object_detection__mean_quality_regret_pp,trend_window,2,0.125,7,0.013811412689924267,171
object_detection__mean_quality_regret_pp,trend_window,3,0.20833333333333331,9,0.02534506337638283,170
object_detection__mean_quality_regret_pp,trend_window,4,0.29166666666666663,12,0.0380721259458148,171
object_detection__mean_quality_regret_pp,trend_window,5,0.375,14,0.04375759131527003,170
object_detection__mean_quality_regret_pp,trend_window,6,0.4583333333333333,16,0.03815349055811797,171
object_detection__mean_quality_regret_pp,trend_window,7,0.5416666666666666,18,0.026938825608422798,170
object_detection__mean_quality_regret_pp,trend_window,8,0.625,20,0.007730224020578826,171
object_detection__mean_quality_regret_pp,trend_window,9,0.7083333333333333,22,-0.020150408763799837,171
object_detection__mean_quality_regret_pp,trend_window,10,0.7916666666666666,25,-0.044617459314559293,171
object_detection__mean_quality_regret_pp,trend_window,11,0.875,27,-0.06148726768022175,170
object_detection__mean_quality_regret_pp,trend_window,12,0.9583333333333333,29,-0.0732249632658632,171
object_detection__mean_stop_epoch,min_epochs_floor,1,0.041666666666666664,16,-11.327514625509325,171
object_detection__mean_stop_epoch,min_epochs_floor,2,0.125,23,-11.253814985216238,170
object_detection__mean_stop_epoch,min_epochs_floor,3,0.20833333333333331,30,-11.003337845619338,171
object_detection__mean_stop_epoch,min_epochs_floor,4,0.29166666666666663,37,-10.007802990970605,170
object_detection__mean_stop_epoch,min_epochs_floor,5,0.375,44,-7.70314255616778,171
object_detection__mean_stop_epoch,min_epochs_floor,6,0.4583333333333333,51,-4.613497465778785,171
object_detection__mean_stop_epoch,min_epochs_floor,7,0.5416666666666666,58,-0.9801590119657977,171
object_detection__mean_stop_epoch,min_epochs_floor,8,0.625,65,3.1921778100046954,170
object_detection__mean_stop_epoch,min_epochs_floor,9,0.7083333333333333,72,7.690532567215719,171
object_detection__mean_stop_epoch,min_epochs_floor,10,0.7916666666666666,79,11.76475704314758,170
object_detection__mean_stop_epoch,min_epochs_floor,11,0.875,86,15.405473634041552,171
object_detection__mean_stop_epoch,min_epochs_floor,12,0.9583333333333333,93,18.79945893487076,171
object_detection__mean_stop_epoch,minimum_quality_floor,1,0.041666666666666664,0.029166666666666664,-5.690946203302369,171
object_detection__mean_stop_epoch,minimum_quality_floor,2,0.125,0.0875,-5.679358888178138,171
object_detection__mean_stop_epoch,minimum_quality_floor,3,0.20833333333333331,0.14583333333333331,-5.630375279920021,170
object_detection__mean_stop_epoch,minimum_quality_floor,4,0.29166666666666663,0.20416666666666664,-5.5672000551463325,171
object_detection__mean_stop_epoch,minimum_quality_floor,5,0.375,0.26249999999999996,-5.429080413161313,170
object_detection__mean_stop_epoch,minimum_quality_floor,6,0.4583333333333333,0.3208333333333333,-5.231911511581835,171
object_detection__mean_stop_epoch,minimum_quality_floor,7,0.5416666666666666,0.3791666666666666,-4.831635953215751,171
object_detection__mean_stop_epoch,minimum_quality_floor,8,0.625,0.4375,-2.746179425103771,171
object_detection__mean_stop_epoch,minimum_quality_floor,9,0.7083333333333333,0.49583333333333324,4.772366602711276,170
object_detection__mean_stop_epoch,minimum_quality_floor,10,0.7916666666666666,0.5541666666666666,11.302965600826019,171
object_detection__mean_stop_epoch,minimum_quality_floor,11,0.875,0.6124999999999999,12.28034560878057,170
object_detection__mean_stop_epoch,minimum_quality_floor,12,0.9583333333333333,0.6708333333333333,12.486058201025061,171
object_detection__mean_stop_epoch,utility_quantile,1,0.041666666666666664,0.04083333333333333,16.892809409857982,171
object_detection__mean_stop_epoch,utility_quantile,2,0.125,0.1025,10.260802341676214,170
object_detection__mean_stop_epoch,utility_quantile,3,0.20833333333333331,0.16416666666666666,3.2142195138000034,171
object_detection__mean_stop_epoch,utility_quantile,4,0.29166666666666663,0.2258333333333333,-1.1786728581456174,171
object_detection__mean_stop_epoch,utility_quantile,5,0.375,0.2875,-2.8767424604121103,170
object_detection__mean_stop_epoch,utility_quantile,6,0.4583333333333333,0.3491666666666667,-3.4817350311079025,171
object_detection__mean_stop_epoch,utility_quantile,7,0.5416666666666666,0.41083333333333333,-3.697857134205144,171
object_detection__mean_stop_epoch,utility_quantile,8,0.625,0.47250000000000003,-3.7600521934726174,170
object_detection__mean_stop_epoch,utility_quantile,9,0.7083333333333333,0.5341666666666666,-3.820276524736961,171
object_detection__mean_stop_epoch,utility_quantile,10,0.7916666666666666,0.5958333333333333,-3.8488680666060446,171
object_detection__mean_stop_epoch,utility_quantile,11,0.875,0.6575,-3.8637585453143117,170
object_detection__mean_stop_epoch,utility_quantile,12,0.9583333333333333,0.7191666666666666,-3.8412705031318772,171
object_detection__mean_stop_epoch,noise_multiplier,1,0.041666666666666664,0.40625,13.289524054104113,171
object_detection__mean_stop_epoch,noise_multiplier,2,0.125,0.71875,8.07840605463012,171
object_detection__mean_stop_epoch,noise_multiplier,3,0.20833333333333331,1.03125,1.8750641176090106,170
object_detection__mean_stop_epoch,noise_multiplier,4,0.29166666666666663,1.3437499999999998,-0.6762878522101374,171
object_detection__mean_stop_epoch,noise_multiplier,5,0.375,1.65625,-1.7661413136672763,171
object_detection__mean_stop_epoch,noise_multiplier,6,0.4583333333333333,1.96875,-2.3520325538827684,170
object_detection__mean_stop_epoch,noise_multiplier,7,0.5416666666666666,2.28125,-2.685880735099701,170
object_detection__mean_stop_epoch,noise_multiplier,8,0.625,2.59375,-2.8928303597134644,171
object_detection__mean_stop_epoch,noise_multiplier,9,0.7083333333333333,2.9062499999999996,-3.052438400520213,171
object_detection__mean_stop_epoch,noise_multiplier,10,0.7916666666666666,3.21875,-3.198634853594619,170
object_detection__mean_stop_epoch,noise_multiplier,11,0.875,3.53125,-3.30061573688036,171
object_detection__mean_stop_epoch,noise_multiplier,12,0.9583333333333333,3.8437499999999996,-3.355334081739418,171
object_detection__mean_stop_epoch,trend_window,1,0.041666666666666664,5,-0.07408618960428659,171
object_detection__mean_stop_epoch,trend_window,2,0.125,7,-0.19624289502524672,171
object_detection__mean_stop_epoch,trend_window,3,0.20833333333333331,9,-0.37103597264940824,170
object_detection__mean_stop_epoch,trend_window,4,0.29166666666666663,12,-0.5266856129766238,171
object_detection__mean_stop_epoch,trend_window,5,0.375,14,-0.5599328409286356,170
object_detection__mean_stop_epoch,trend_window,6,0.4583333333333333,16,-0.48255673972442314,171
object_detection__mean_stop_epoch,trend_window,7,0.5416666666666666,18,-0.34212862162370483,170
object_detection__mean_stop_epoch,trend_window,8,0.625,20,-0.061939104784371035,171
object_detection__mean_stop_epoch,trend_window,9,0.7083333333333333,22,0.2852264209125871,171
object_detection__mean_stop_epoch,trend_window,10,0.7916666666666666,25,0.5629145094466832,171
object_detection__mean_stop_epoch,trend_window,11,0.875,27,0.795630713643334,170
object_detection__mean_stop_epoch,trend_window,12,0.9583333333333333,29,0.9680441302640462,171
semantic_segmentation__mean_energy_saving_fraction,min_epochs_floor,1,0.041666666666666664,16,0.09391338707944971,171
semantic_segmentation__mean_energy_saving_fraction,min_epochs_floor,2,0.125,23,0.09289818317145539,170
semantic_segmentation__mean_energy_saving_fraction,min_epochs_floor,3,0.20833333333333331,30,0.09073472440610383,171
semantic_segmentation__mean_energy_saving_fraction,min_epochs_floor,4,0.29166666666666663,37,0.08212497460164131,170
semantic_segmentation__mean_energy_saving_fraction,min_epochs_floor,5,0.375,44,0.0607378556366755,171
semantic_segmentation__mean_energy_saving_fraction,min_epochs_floor,6,0.4583333333333333,51,0.030451939923621815,171
semantic_segmentation__mean_energy_saving_fraction,min_epochs_floor,7,0.5416666666666666,58,-0.001812806861191285,171
semantic_segmentation__mean_energy_saving_fraction,min_epochs_floor,8,0.625,65,-0.035397153861166555,170
semantic_segmentation__mean_energy_saving_fraction,min_epochs_floor,9,0.7083333333333333,72,-0.06815138749626852,171
semantic_segmentation__mean_energy_saving_fraction,min_epochs_floor,10,0.7916666666666666,79,-0.0940252146504756,170
semantic_segmentation__mean_energy_saving_fraction,min_epochs_floor,11,0.875,86,-0.11571306471650224,171
semantic_segmentation__mean_energy_saving_fraction,min_epochs_floor,12,0.9583333333333333,93,-0.13549476595111265,171
semantic_segmentation__mean_energy_saving_fraction,utility_quantile,1,0.041666666666666664,0.04083333333333333,-0.14401741874208077,171
semantic_segmentation__mean_energy_saving_fraction,utility_quantile,2,0.125,0.1025,-0.11953836271644983,170
semantic_segmentation__mean_energy_saving_fraction,utility_quantile,3,0.20833333333333331,0.16416666666666666,-0.06843631052250798,171
semantic_segmentation__mean_energy_saving_fraction,utility_quantile,4,0.29166666666666663,0.2258333333333333,-0.007062088728489346,171
semantic_segmentation__mean_energy_saving_fraction,utility_quantile,5,0.375,0.2875,0.027392293277951507,170
semantic_segmentation__mean_energy_saving_fraction,utility_quantile,6,0.4583333333333333,0.3491666666666667,0.03696999602988307,171
semantic_segmentation__mean_energy_saving_fraction,utility_quantile,7,0.5416666666666666,0.41083333333333333,0.04149803666756241,171
semantic_segmentation__mean_energy_saving_fraction,utility_quantile,8,0.625,0.47250000000000003,0.04464298800165295,170
semantic_segmentation__mean_energy_saving_fraction,utility_quantile,9,0.7083333333333333,0.5341666666666666,0.04620186489828937,171
semantic_segmentation__mean_energy_saving_fraction,utility_quantile,10,0.7916666666666666,0.5958333333333333,0.046920381538073125,171
semantic_segmentation__mean_energy_saving_fraction,utility_quantile,11,0.875,0.6575,0.047479511805610775,170
semantic_segmentation__mean_energy_saving_fraction,utility_quantile,12,0.9583333333333333,0.7191666666666666,0.04794897065640408,171
semantic_segmentation__mean_energy_saving_fraction,minimum_quality_floor,1,0.041666666666666664,0.029166666666666664,0.06651531451236978,171
semantic_segmentation__mean_energy_saving_fraction,minimum_quality_floor,2,0.125,0.0875,0.04924148294880948,171
semantic_segmentation__mean_energy_saving_fraction,minimum_quality_floor,3,0.20833333333333331,0.14583333333333331,0.030674930356786492,170
semantic_segmentation__mean_energy_saving_fraction,minimum_quality_floor,4,0.29166666666666663,0.20416666666666664,0.025526944881387223,171
semantic_segmentation__mean_energy_saving_fraction,minimum_quality_floor,5,0.375,0.26249999999999996,0.022786652736249288,170
semantic_segmentation__mean_energy_saving_fraction,minimum_quality_floor,6,0.4583333333333333,0.3208333333333333,0.020608757258753135,171
semantic_segmentation__mean_energy_saving_fraction,minimum_quality_floor,7,0.5416666666666666,0.3791666666666666,0.01702958724709691,171
semantic_segmentation__mean_energy_saving_fraction,minimum_quality_floor,8,0.625,0.4375,-0.005142928241869654,171
semantic_segmentation__mean_energy_saving_fraction,minimum_quality_floor,9,0.7083333333333333,0.49583333333333324,-0.041632004600837186,170
semantic_segmentation__mean_energy_saving_fraction,minimum_quality_floor,10,0.7916666666666666,0.5541666666666666,-0.06040875635036175,171
semantic_segmentation__mean_energy_saving_fraction,minimum_quality_floor,11,0.875,0.6124999999999999,-0.06264649256038099,170
semantic_segmentation__mean_energy_saving_fraction,minimum_quality_floor,12,0.9583333333333333,0.6708333333333333,-0.06285066312407397,171
semantic_segmentation__mean_energy_saving_fraction,noise_multiplier,1,0.041666666666666664,0.40625,-0.09620442689539864,171
semantic_segmentation__mean_energy_saving_fraction,noise_multiplier,2,0.125,0.71875,-0.04551155853771874,171
semantic_segmentation__mean_energy_saving_fraction,noise_multiplier,3,0.20833333333333331,1.03125,-0.0027307025626162745,170
semantic_segmentation__mean_energy_saving_fraction,noise_multiplier,4,0.29166666666666663,1.3437499999999998,0.00884944780022874,171
semantic_segmentation__mean_energy_saving_fraction,noise_multiplier,5,0.375,1.65625,0.013836141894909518,171
semantic_segmentation__mean_energy_saving_fraction,noise_multiplier,6,0.4583333333333333,1.96875,0.015856619797773017,170
semantic_segmentation__mean_energy_saving_fraction,noise_multiplier,7,0.5416666666666666,2.28125,0.016842524601478323,170
semantic_segmentation__mean_energy_saving_fraction,noise_multiplier,8,0.625,2.59375,0.017353738936873656,171
semantic_segmentation__mean_energy_saving_fraction,noise_multiplier,9,0.7083333333333333,2.9062499999999996,0.017775167995615362,171
semantic_segmentation__mean_energy_saving_fraction,noise_multiplier,10,0.7916666666666666,3.21875,0.017985819894921276,170
semantic_segmentation__mean_energy_saving_fraction,noise_multiplier,11,0.875,3.53125,0.01805803670626878,171
semantic_segmentation__mean_energy_saving_fraction,noise_multiplier,12,0.9583333333333333,3.8437499999999996,0.01816962464679707,171
semantic_segmentation__mean_energy_saving_fraction,trend_window,1,0.041666666666666664,5,0.005572306780204979,171
semantic_segmentation__mean_energy_saving_fraction,trend_window,2,0.125,7,0.004075651506217688,171
semantic_segmentation__mean_energy_saving_fraction,trend_window,3,0.20833333333333331,9,0.0026850174327506214,170
semantic_segmentation__mean_energy_saving_fraction,trend_window,4,0.29166666666666663,12,0.002565198845669886,171
semantic_segmentation__mean_energy_saving_fraction,trend_window,5,0.375,14,0.002363842716708355,170
semantic_segmentation__mean_energy_saving_fraction,trend_window,6,0.4583333333333333,16,0.0018261577596041991,171
semantic_segmentation__mean_energy_saving_fraction,trend_window,7,0.5416666666666666,18,0.0005253050941026573,170
semantic_segmentation__mean_energy_saving_fraction,trend_window,8,0.625,20,-0.0014352215471517106,171
semantic_segmentation__mean_energy_saving_fraction,trend_window,9,0.7083333333333333,22,-0.002880710097436935,171
semantic_segmentation__mean_energy_saving_fraction,trend_window,10,0.7916666666666666,25,-0.004014046369857187,171
semantic_segmentation__mean_energy_saving_fraction,trend_window,11,0.875,27,-0.0052485787570966305,170
semantic_segmentation__mean_energy_saving_fraction,trend_window,12,0.9583333333333333,29,-0.006033019349175184,171
semantic_segmentation__mean_quality_regret_pp,min_epochs_floor,1,0.041666666666666664,16,0.6639483360248848,171
semantic_segmentation__mean_quality_regret_pp,min_epochs_floor,2,0.125,23,0.6546138766456728,170
semantic_segmentation__mean_quality_regret_pp,min_epochs_floor,3,0.20833333333333331,30,0.6354361981878939,171
semantic_segmentation__mean_quality_regret_pp,min_epochs_floor,4,0.29166666666666663,37,0.5357177072343673,170
semantic_segmentation__mean_quality_regret_pp,min_epochs_floor,5,0.375,44,0.2618858235162559,171
semantic_segmentation__mean_quality_regret_pp,min_epochs_floor,6,0.4583333333333333,51,-0.006046039378032053,171
semantic_segmentation__mean_quality_regret_pp,min_epochs_floor,7,0.5416666666666666,58,-0.156935027425387,171
semantic_segmentation__mean_quality_regret_pp,min_epochs_floor,8,0.625,65,-0.33927531869562044,170
semantic_segmentation__mean_quality_regret_pp,min_epochs_floor,9,0.7083333333333333,72,-0.48854196892680524,171
semantic_segmentation__mean_quality_regret_pp,min_epochs_floor,10,0.7916666666666666,79,-0.5478551633420102,170
semantic_segmentation__mean_quality_regret_pp,min_epochs_floor,11,0.875,86,-0.5938122767839854,171
semantic_segmentation__mean_quality_regret_pp,min_epochs_floor,12,0.9583333333333333,93,-0.6173630411985066,171
semantic_segmentation__mean_quality_regret_pp,utility_quantile,1,0.041666666666666664,0.04083333333333333,-0.5748755007511394,171
semantic_segmentation__mean_quality_regret_pp,utility_quantile,2,0.125,0.1025,-0.4674026691261429,170
semantic_segmentation__mean_quality_regret_pp,utility_quantile,3,0.20833333333333331,0.16416666666666666,-0.2859200561929439,171
semantic_segmentation__mean_quality_regret_pp,utility_quantile,4,0.29166666666666663,0.2258333333333333,-0.06967896859363532,171
semantic_segmentation__mean_quality_regret_pp,utility_quantile,5,0.375,0.2875,0.08310922328660908,170
semantic_segmentation__mean_quality_regret_pp,utility_quantile,6,0.4583333333333333,0.3491666666666667,0.1469612911671132,171
semantic_segmentation__mean_quality_regret_pp,utility_quantile,7,0.5416666666666666,0.41083333333333333,0.1720593790446202,171
semantic_segmentation__mean_quality_regret_pp,utility_quantile,8,0.625,0.47250000000000003,0.18748570943484122,170
semantic_segmentation__mean_quality_regret_pp,utility_quantile,9,0.7083333333333333,0.5341666666666666,0.19779814306705412,171
semantic_segmentation__mean_quality_regret_pp,utility_quantile,10,0.7916666666666666,0.5958333333333333,0.20225036890188752,171
semantic_segmentation__mean_quality_regret_pp,utility_quantile,11,0.875,0.6575,0.2039906088334673,170
semantic_segmentation__mean_quality_regret_pp,utility_quantile,12,0.9583333333333333,0.7191666666666666,0.20426447603019093,171
semantic_segmentation__mean_quality_regret_pp,minimum_quality_floor,1,0.041666666666666664,0.029166666666666664,0.3577444442211886,171
semantic_segmentation__mean_quality_regret_pp,minimum_quality_floor,2,0.125,0.0875,0.2697702451960774,171
semantic_segmentation__mean_quality_regret_pp,minimum_quality_floor,3,0.20833333333333331,0.14583333333333331,0.18284119689919748,170
semantic_segmentation__mean_quality_regret_pp,minimum_quality_floor,4,0.29166666666666663,0.20416666666666664,0.16185818213008052,171
semantic_segmentation__mean_quality_regret_pp,minimum_quality_floor,5,0.375,0.26249999999999996,0.1490198394549777,170
semantic_segmentation__mean_quality_regret_pp,minimum_quality_floor,6,0.4583333333333333,0.3208333333333333,0.13844582677208406,171
semantic_segmentation__mean_quality_regret_pp,minimum_quality_floor,7,0.5416666666666666,0.3791666666666666,0.11180130855730652,171
semantic_segmentation__mean_quality_regret_pp,minimum_quality_floor,8,0.625,0.4375,-0.060332643834403676,171
semantic_segmentation__mean_quality_regret_pp,minimum_quality_floor,9,0.7083333333333333,0.49583333333333324,-0.2720899694506533,170
semantic_segmentation__mean_quality_regret_pp,minimum_quality_floor,10,0.7916666666666666,0.5541666666666666,-0.3411692876090228,171
semantic_segmentation__mean_quality_regret_pp,minimum_quality_floor,11,0.875,0.6124999999999999,-0.34954245833224235,170
semantic_segmentation__mean_quality_regret_pp,minimum_quality_floor,12,0.9583333333333333,0.6708333333333333,-0.35004125354510823,171
semantic_segmentation__mean_quality_regret_pp,noise_multiplier,1,0.041666666666666664,0.40625,-0.47539768464453536,171
semantic_segmentation__mean_quality_regret_pp,noise_multiplier,2,0.125,0.71875,-0.25777198997640816,171
semantic_segmentation__mean_quality_regret_pp,noise_multiplier,3,0.20833333333333331,1.03125,-0.03645632487237038,170
semantic_segmentation__mean_quality_regret_pp,noise_multiplier,4,0.29166666666666663,1.3437499999999998,0.0410618135412959,171
semantic_segmentation__mean_quality_regret_pp,noise_multiplier,5,0.375,1.65625,0.075169491138808,171
semantic_segmentation__mean_quality_regret_pp,noise_multiplier,6,0.4583333333333333,1.96875,0.08628969188907631,170
semantic_segmentation__mean_quality_regret_pp,noise_multiplier,7,0.5416666666666666,2.28125,0.0912953839571713,170
semantic_segmentation__mean_quality_regret_pp,noise_multiplier,8,0.625,2.59375,0.09369722956838666,171
semantic_segmentation__mean_quality_regret_pp,noise_multiplier,9,0.7083333333333333,2.9062499999999996,0.0956930575346473,171
semantic_segmentation__mean_quality_regret_pp,noise_multiplier,10,0.7916666666666666,3.21875,0.09662909713067147,170
semantic_segmentation__mean_quality_regret_pp,noise_multiplier,11,0.875,3.53125,0.09589579795387249,171
semantic_segmentation__mean_quality_regret_pp,noise_multiplier,12,0.9583333333333333,3.8437499999999996,0.09528483355192685,171
semantic_segmentation__mean_quality_regret_pp,trend_window,1,0.041666666666666664,5,0.041250720285183624,171
semantic_segmentation__mean_quality_regret_pp,trend_window,2,0.125,7,0.03554313093258098,171
semantic_segmentation__mean_quality_regret_pp,trend_window,3,0.20833333333333331,9,0.026288905687722616,170
semantic_segmentation__mean_quality_regret_pp,trend_window,4,0.29166666666666663,12,0.019787902765729014,171
semantic_segmentation__mean_quality_regret_pp,trend_window,5,0.375,14,0.009918199861103073,170
semantic_segmentation__mean_quality_regret_pp,trend_window,6,0.4583333333333333,16,0.0015560029014548074,171
semantic_segmentation__mean_quality_regret_pp,trend_window,7,0.5416666666666666,18,-0.0061598620140835905,170
semantic_segmentation__mean_quality_regret_pp,trend_window,8,0.625,20,-0.015111645588318567,171
semantic_segmentation__mean_quality_regret_pp,trend_window,9,0.7083333333333333,22,-0.021318339484215444,171
semantic_segmentation__mean_quality_regret_pp,trend_window,10,0.7916666666666666,25,-0.025969598544145524,171
semantic_segmentation__mean_quality_regret_pp,trend_window,11,0.875,27,-0.03124319850101958,170
semantic_segmentation__mean_quality_regret_pp,trend_window,12,0.9583333333333333,29,-0.03454921219068308,171
semantic_segmentation__mean_stop_epoch,min_epochs_floor,1,0.041666666666666664,16,-9.361923294244264,171
semantic_segmentation__mean_stop_epoch,min_epochs_floor,2,0.125,23,-9.261096396662621,170
semantic_segmentation__mean_stop_epoch,min_epochs_floor,3,0.20833333333333331,30,-9.045494714898293,171
semantic_segmentation__mean_stop_epoch,min_epochs_floor,4,0.29166666666666663,37,-8.189229518924863,170
semantic_segmentation__mean_stop_epoch,min_epochs_floor,5,0.375,44,-6.062507868028114,171
semantic_segmentation__mean_stop_epoch,min_epochs_floor,6,0.4583333333333333,51,-3.046146048881079,171
semantic_segmentation__mean_stop_epoch,min_epochs_floor,7,0.5416666666666666,58,0.16737530748347673,171
semantic_segmentation__mean_stop_epoch,min_epochs_floor,8,0.625,65,3.5116554982472277,170
semantic_segmentation__mean_stop_epoch,min_epochs_floor,9,0.7083333333333333,72,6.7851912077639565,171
semantic_segmentation__mean_stop_epoch,min_epochs_floor,10,0.7916666666666666,79,9.377118996982945,170
semantic_segmentation__mean_stop_epoch,min_epochs_floor,11,0.875,86,11.5532194424389,171
semantic_segmentation__mean_stop_epoch,min_epochs_floor,12,0.9583333333333333,93,13.545161649422392,171
semantic_segmentation__mean_stop_epoch,utility_quantile,1,0.041666666666666664,0.04083333333333333,14.418056863206061,171
semantic_segmentation__mean_stop_epoch,utility_quantile,2,0.125,0.1025,11.971581207553195,170
semantic_segmentation__mean_stop_epoch,utility_quantile,3,0.20833333333333331,0.16416666666666666,6.85493647491654,171
semantic_segmentation__mean_stop_epoch,utility_quantile,4,0.29166666666666663,0.2258333333333333,0.7077924439781604,171
semantic_segmentation__mean_stop_epoch,utility_quantile,5,0.375,0.2875,-2.7412596589853138,170
semantic_segmentation__mean_stop_epoch,utility_quantile,6,0.4583333333333333,0.3491666666666667,-3.701567239892629,171
semantic_segmentation__mean_stop_epoch,utility_quantile,7,0.5416666666666666,0.41083333333333333,-4.1569743572229925,171
semantic_segmentation__mean_stop_epoch,utility_quantile,8,0.625,0.47250000000000003,-4.472240660466728,170
semantic_segmentation__mean_stop_epoch,utility_quantile,9,0.7083333333333333,0.5341666666666666,-4.6273501035817475,171
semantic_segmentation__mean_stop_epoch,utility_quantile,10,0.7916666666666666,0.5958333333333333,-4.698265298590876,171
semantic_segmentation__mean_stop_epoch,utility_quantile,11,0.875,0.6575,-4.753746934264427,170
semantic_segmentation__mean_stop_epoch,utility_quantile,12,0.9583333333333333,0.7191666666666666,-4.800937391889974,171
semantic_segmentation__mean_stop_epoch,minimum_quality_floor,1,0.041666666666666664,0.029166666666666664,-6.681725959400795,171
semantic_segmentation__mean_stop_epoch,minimum_quality_floor,2,0.125,0.0875,-4.944205485762998,171
semantic_segmentation__mean_stop_epoch,minimum_quality_floor,3,0.20833333333333331,0.14583333333333331,-3.0733734177571055,170
semantic_segmentation__mean_stop_epoch,minimum_quality_floor,4,0.29166666666666663,0.20416666666666664,-2.5522485691886985,171
semantic_segmentation__mean_stop_epoch,minimum_quality_floor,5,0.375,0.26249999999999996,-2.275208429225957,170
semantic_segmentation__mean_stop_epoch,minimum_quality_floor,6,0.4583333333333333,0.3208333333333333,-2.055263707850834,171
semantic_segmentation__mean_stop_epoch,minimum_quality_floor,7,0.5416666666666666,0.3791666666666666,-1.695536527244995,171
semantic_segmentation__mean_stop_epoch,minimum_quality_floor,8,0.625,0.4375,0.5222402530644388,171
semantic_segmentation__mean_stop_epoch,minimum_quality_floor,9,0.7083333333333333,0.49583333333333324,4.170624915315239,170
semantic_segmentation__mean_stop_epoch,minimum_quality_floor,10,0.7916666666666666,0.5541666666666666,6.048420067128829,171
semantic_segmentation__mean_stop_epoch,minimum_quality_floor,11,0.875,0.6124999999999999,6.2726622072391525,170
semantic_segmentation__mean_stop_epoch,minimum_quality_floor,12,0.9583333333333333,0.6708333333333333,6.293408251786486,171
semantic_segmentation__mean_stop_epoch,noise_multiplier,1,0.041666666666666664,0.40625,9.607556167464011,171
semantic_segmentation__mean_stop_epoch,noise_multiplier,2,0.125,0.71875,4.543956595617692,171
semantic_segmentation__mean_stop_epoch,noise_multiplier,3,0.20833333333333331,1.03125,0.2731594149880401,170
semantic_segmentation__mean_stop_epoch,noise_multiplier,4,0.29166666666666663,1.3437499999999998,-0.8833420888209496,171
semantic_segmentation__mean_stop_epoch,noise_multiplier,5,0.375,1.65625,-1.3817192302341574,171
semantic_segmentation__mean_stop_epoch,noise_multiplier,6,0.4583333333333333,1.96875,-1.583740001240745,170
semantic_segmentation__mean_stop_epoch,noise_multiplier,7,0.5416666666666666,2.28125,-1.682034495612573,170
semantic_segmentation__mean_stop_epoch,noise_multiplier,8,0.625,2.59375,-1.732929730962507,171
semantic_segmentation__mean_stop_epoch,noise_multiplier,9,0.7083333333333333,2.9062499999999996,-1.7749247171419462,171
semantic_segmentation__mean_stop_epoch,noise_multiplier,10,0.7916666666666666,3.21875,-1.795933731769562,170
semantic_segmentation__mean_stop_epoch,noise_multiplier,11,0.875,3.53125,-1.803375808218398,171
semantic_segmentation__mean_stop_epoch,noise_multiplier,12,0.9583333333333333,3.8437499999999996,-1.8146755835053803,171
semantic_segmentation__mean_stop_epoch,trend_window,1,0.041666666666666664,5,-0.5568489683925752,171
semantic_segmentation__mean_stop_epoch,trend_window,2,0.125,7,-0.40805754732447197,171
semantic_segmentation__mean_stop_epoch,trend_window,3,0.20833333333333331,9,-0.2693266242356172,170
semantic_segmentation__mean_stop_epoch,trend_window,4,0.29166666666666663,12,-0.2573380353774006,171
semantic_segmentation__mean_stop_epoch,trend_window,5,0.375,14,-0.23703832378661588,170
semantic_segmentation__mean_stop_epoch,trend_window,6,0.4583333333333333,16,-0.18301116858680733,171
semantic_segmentation__mean_stop_epoch,trend_window,7,0.5416666666666666,18,-0.05248649868310762,170
semantic_segmentation__mean_stop_epoch,trend_window,8,0.625,20,0.14394625160674246,171
semantic_segmentation__mean_stop_epoch,trend_window,9,0.7083333333333333,22,0.2886377907684321,171
semantic_segmentation__mean_stop_epoch,trend_window,10,0.7916666666666666,25,0.4020112643185607,171
semantic_segmentation__mean_stop_epoch,trend_window,11,0.875,27,0.5254092531518446,170
semantic_segmentation__mean_stop_epoch,trend_window,12,0.9583333333333333,29,0.6039070381576617,171
