output,parameter_a,parameter_b,s2,s2_conf
overall__mean_energy_saving_fraction,min_epochs_floor,noise_multiplier,0.03500300372701538,0.04979379235782384
overall__mean_energy_saving_fraction,min_epochs_floor,utility_quantile,0.0709106766923022,0.05204807198647434
overall__mean_energy_saving_fraction,min_epochs_floor,minimum_quality_floor,0.029649303753000178,0.053712431982244034
overall__mean_energy_saving_fraction,min_epochs_floor,trend_window,0.0002813924412176051,0.04754525914654343
overall__mean_energy_saving_fraction,noise_multiplier,utility_quantile,0.02179457481537303,0.028186585372491264
overall__mean_energy_saving_fraction,noise_multiplier,minimum_quality_floor,0.008349771537147124,0.029001986559293265
overall__mean_energy_saving_fraction,noise_multiplier,trend_window,0.0023222728484018447,0.02712607331512666
overall__mean_energy_saving_fraction,utility_quantile,minimum_quality_floor,0.015375074712513731,0.037531262190731024
overall__mean_energy_saving_fraction,utility_quantile,trend_window,0.0017335620431959643,0.03566568562643741
overall__mean_energy_saving_fraction,minimum_quality_floor,trend_window,-0.001985268328943986,0.030952311847184662
overall__mean_quality_regret_pp,min_epochs_floor,noise_multiplier,0.04150859946040196,0.05075913155028928
overall__mean_quality_regret_pp,min_epochs_floor,utility_quantile,0.09607960559195883,0.05859162399215276
overall__mean_quality_regret_pp,min_epochs_floor,minimum_quality_floor,0.03190332275829867,0.053753530650330665
overall__mean_quality_regret_pp,min_epochs_floor,trend_window,-0.006658486539587837,0.05062217120659145
overall__mean_quality_regret_pp,noise_multiplier,utility_quantile,0.024794386844611993,0.030133176953161426
overall__mean_quality_regret_pp,noise_multiplier,minimum_quality_floor,0.010497290526529618,0.02963607069746389
overall__mean_quality_regret_pp,noise_multiplier,trend_window,0.003936349526174305,0.02794472852207692
overall__mean_quality_regret_pp,utility_quantile,minimum_quality_floor,0.01617822410944482,0.03868344444247863
overall__mean_quality_regret_pp,utility_quantile,trend_window,0.0018965279354631335,0.03710329631160892
overall__mean_quality_regret_pp,minimum_quality_floor,trend_window,-0.0019618782994620517,0.028912547530273624
overall__mean_stop_epoch,min_epochs_floor,noise_multiplier,0.034811827717753666,0.05191506484096556
overall__mean_stop_epoch,min_epochs_floor,utility_quantile,0.07053112607938133,0.05552008666299221
overall__mean_stop_epoch,min_epochs_floor,minimum_quality_floor,0.029690213779066943,0.05328452027266116
overall__mean_stop_epoch,min_epochs_floor,trend_window,0.000317728471432961,0.04888945440020087
overall__mean_stop_epoch,noise_multiplier,utility_quantile,0.02180807725264655,0.028438986743435556
overall__mean_stop_epoch,noise_multiplier,minimum_quality_floor,0.008358837430300317,0.029210892661737545
overall__mean_stop_epoch,noise_multiplier,trend_window,0.0023053542381514898,0.02827644811989394
overall__mean_stop_epoch,utility_quantile,minimum_quality_floor,0.01546544619362461,0.03925162762089721
overall__mean_stop_epoch,utility_quantile,trend_window,0.0017373795600877052,0.038588928686863304
overall__mean_stop_epoch,minimum_quality_floor,trend_window,-0.0020120183669846735,0.03284612317005633
overall__mean_stop_epoch_fraction,min_epochs_floor,noise_multiplier,0.03481182771775364,0.052280241591255654
overall__mean_stop_epoch_fraction,min_epochs_floor,utility_quantile,0.07053112607938092,0.0561212027813779
overall__mean_stop_epoch_fraction,min_epochs_floor,minimum_quality_floor,0.029690213779066763,0.0540578325795304
overall__mean_stop_epoch_fraction,min_epochs_floor,trend_window,0.00031772847143247875,0.05033603562608271
overall__mean_stop_epoch_fraction,noise_multiplier,utility_quantile,0.021808077252646357,0.025694422612816258
overall__mean_stop_epoch_fraction,noise_multiplier,minimum_quality_floor,0.008358837430300664,0.027783916106018377
overall__mean_stop_epoch_fraction,noise_multiplier,trend_window,0.00230535423815141,0.026315456607522245
overall__mean_stop_epoch_fraction,utility_quantile,minimum_quality_floor,0.015465446193624457,0.04022290553603706
overall__mean_stop_epoch_fraction,utility_quantile,trend_window,0.0017373795600875838,0.03858487048555942
overall__mean_stop_epoch_fraction,minimum_quality_floor,trend_window,-0.0020120183669843786,0.02961475720913398
overall__noninferiority_success_fraction,min_epochs_floor,noise_multiplier,0.035238436927072694,0.044604598185560417
overall__noninferiority_success_fraction,min_epochs_floor,utility_quantile,0.08465021109099635,0.047497621080095045
overall__noninferiority_success_fraction,min_epochs_floor,minimum_quality_floor,0.029996224847029296,0.04692310966104297
overall__noninferiority_success_fraction,min_epochs_floor,trend_window,0.0011774781363102981,0.042347884300282336
overall__noninferiority_success_fraction,noise_multiplier,utility_quantile,0.01874486401378589,0.025325846151384578
overall__noninferiority_success_fraction,noise_multiplier,minimum_quality_floor,0.008176892740437328,0.026827265100823432
overall__noninferiority_success_fraction,noise_multiplier,trend_window,0.004139213551308424,0.02527121032696177
overall__noninferiority_success_fraction,utility_quantile,minimum_quality_floor,0.008670013595300063,0.037906746318695284
overall__noninferiority_success_fraction,utility_quantile,trend_window,-0.0019544647286949624,0.035946078069511354
overall__noninferiority_success_fraction,minimum_quality_floor,trend_window,-0.0014034392993009176,0.027784566892635698
overall__joint_success_fraction,min_epochs_floor,noise_multiplier,0.05575959911381744,0.0668923428977293
overall__joint_success_fraction,min_epochs_floor,utility_quantile,0.14554913376011175,0.0754194883232375
overall__joint_success_fraction,min_epochs_floor,minimum_quality_floor,0.02917864339208423,0.0678588352038759
overall__joint_success_fraction,min_epochs_floor,trend_window,-0.001372015729330824,0.06103059833705815
overall__joint_success_fraction,noise_multiplier,utility_quantile,-0.000675161732261842,0.027927950311534805
overall__joint_success_fraction,noise_multiplier,minimum_quality_floor,0.004657155463743047,0.027180213722009246
overall__joint_success_fraction,noise_multiplier,trend_window,0.0005362809531100823,0.026010389608602746
overall__joint_success_fraction,utility_quantile,minimum_quality_floor,0.0016517994317872403,0.040589170130041846
overall__joint_success_fraction,utility_quantile,trend_window,0.0076512727604809965,0.040988467352224375
overall__joint_success_fraction,minimum_quality_floor,trend_window,-0.007196016898676232,0.0278773907449373
overall__bayesian_veto_rate,min_epochs_floor,noise_multiplier,0.056460868412770426,0.05194585350730201
overall__bayesian_veto_rate,min_epochs_floor,utility_quantile,-0.00710153972865997,0.04982544683549012
overall__bayesian_veto_rate,min_epochs_floor,minimum_quality_floor,-0.00034581674492438486,0.053762331473349224
overall__bayesian_veto_rate,min_epochs_floor,trend_window,0.011771013300481081,0.05276002902527458
overall__bayesian_veto_rate,noise_multiplier,utility_quantile,0.028527516415733048,0.09330962551669067
overall__bayesian_veto_rate,noise_multiplier,minimum_quality_floor,0.005151069230579779,0.09347887017316618
overall__bayesian_veto_rate,noise_multiplier,trend_window,0.03535169715356423,0.10050014119260137
overall__bayesian_veto_rate,utility_quantile,minimum_quality_floor,-0.032527492595620176,0.0480672951610101
overall__bayesian_veto_rate,utility_quantile,trend_window,0.020659914013558656,0.06295642196738416
overall__bayesian_veto_rate,minimum_quality_floor,trend_window,-0.009383237129041988,0.02268373080533357
overall__controller_runtime_ms_per_epoch,min_epochs_floor,noise_multiplier,0.026847922373389344,0.04935436459285852
overall__controller_runtime_ms_per_epoch,min_epochs_floor,utility_quantile,0.07052823231352573,0.05000529064585677
overall__controller_runtime_ms_per_epoch,min_epochs_floor,minimum_quality_floor,0.023070583045978615,0.05132486805934145
overall__controller_runtime_ms_per_epoch,min_epochs_floor,trend_window,-0.001347255698926299,0.04829271957336718
overall__controller_runtime_ms_per_epoch,noise_multiplier,utility_quantile,0.02053578890824126,0.02734689388531353
overall__controller_runtime_ms_per_epoch,noise_multiplier,minimum_quality_floor,0.004653106582013344,0.027928027316595598
overall__controller_runtime_ms_per_epoch,noise_multiplier,trend_window,4.287852455977896e-05,0.027334446607247657
overall__controller_runtime_ms_per_epoch,utility_quantile,minimum_quality_floor,0.01550267653337209,0.040433478140537986
overall__controller_runtime_ms_per_epoch,utility_quantile,trend_window,0.007190797524725677,0.03932542182885149
overall__controller_runtime_ms_per_epoch,minimum_quality_floor,trend_window,-0.004259437200212575,0.028949150461877477
overall__energy_saving_q25,min_epochs_floor,noise_multiplier,0.02556570283628533,0.05394633900245683
overall__energy_saving_q25,min_epochs_floor,utility_quantile,0.06659444045076066,0.05961767368805999
overall__energy_saving_q25,min_epochs_floor,minimum_quality_floor,0.08366417282722466,0.05757118258620377
overall__energy_saving_q25,min_epochs_floor,trend_window,-0.00462572025750793,0.05244178520105183
overall__energy_saving_q25,noise_multiplier,utility_quantile,0.027273909143541164,0.031070499727596318
overall__energy_saving_q25,noise_multiplier,minimum_quality_floor,0.03351854676735555,0.03254059910369188
overall__energy_saving_q25,noise_multiplier,trend_window,0.0015753282126443496,0.029853173518898088
overall__energy_saving_q25,utility_quantile,minimum_quality_floor,0.06456007306622163,0.04545973327017509
overall__energy_saving_q25,utility_quantile,trend_window,-0.002815458942606095,0.04196591989139267
overall__energy_saving_q25,minimum_quality_floor,trend_window,-0.011247653101708359,0.03989382534997027
overall__quality_cvar90_normalized,min_epochs_floor,noise_multiplier,0.0427877505004894,0.05677910625595575
overall__quality_cvar90_normalized,min_epochs_floor,utility_quantile,0.08725378914511339,0.05902893651614051
overall__quality_cvar90_normalized,min_epochs_floor,minimum_quality_floor,0.024338419163845264,0.05474077323729387
overall__quality_cvar90_normalized,min_epochs_floor,trend_window,-0.0013321743406620153,0.052860294980869624
overall__quality_cvar90_normalized,noise_multiplier,utility_quantile,0.011185503876586012,0.025706942345771526
overall__quality_cvar90_normalized,noise_multiplier,minimum_quality_floor,0.0020953018416264776,0.02631603746280115
overall__quality_cvar90_normalized,noise_multiplier,trend_window,-3.471883684329647e-05,0.026209682559430656
overall__quality_cvar90_normalized,utility_quantile,minimum_quality_floor,0.01252639673297875,0.03602401319422016
overall__quality_cvar90_normalized,utility_quantile,trend_window,0.015753161604406183,0.03673714977796744
overall__quality_cvar90_normalized,minimum_quality_floor,trend_window,0.0005585462816258572,0.02267982305215539
image_classification__mean_energy_saving_fraction,min_epochs_floor,noise_multiplier,0.036488423399762326,0.052734711863045784
image_classification__mean_energy_saving_fraction,min_epochs_floor,utility_quantile,0.1021083285884965,0.055898474051814286
image_classification__mean_energy_saving_fraction,min_epochs_floor,minimum_quality_floor,0.009949789696060047,0.05302216471658267
image_classification__mean_energy_saving_fraction,min_epochs_floor,trend_window,-0.004085995373855395,0.051321522604517465
image_classification__mean_energy_saving_fraction,noise_multiplier,utility_quantile,0.03560012515740979,0.029937605064314685
image_classification__mean_energy_saving_fraction,noise_multiplier,minimum_quality_floor,0.009929848922738519,0.028871255982310422
image_classification__mean_energy_saving_fraction,noise_multiplier,trend_window,0.006289122221315035,0.028610499083919872
image_classification__mean_energy_saving_fraction,utility_quantile,minimum_quality_floor,0.01099648257375881,0.04005665891118592
image_classification__mean_energy_saving_fraction,utility_quantile,trend_window,0.00869304971966856,0.03878477080281263
image_classification__mean_energy_saving_fraction,minimum_quality_floor,trend_window,0.00033849079767261014,0.01959331062009558
image_classification__mean_quality_regret_pp,min_epochs_floor,noise_multiplier,0.037878983134300576,0.05019312427910184
image_classification__mean_quality_regret_pp,min_epochs_floor,utility_quantile,0.11373651531907022,0.05477110159923511
image_classification__mean_quality_regret_pp,min_epochs_floor,minimum_quality_floor,0.01532313309651815,0.049043678352736424
image_classification__mean_quality_regret_pp,min_epochs_floor,trend_window,-0.010040604431966436,0.04578505787138208
image_classification__mean_quality_regret_pp,noise_multiplier,utility_quantile,0.03130467594878661,0.02893084159188479
image_classification__mean_quality_regret_pp,noise_multiplier,minimum_quality_floor,0.010428884394764588,0.027640446318814977
image_classification__mean_quality_regret_pp,noise_multiplier,trend_window,0.0059326520955044,0.02728392972593338
image_classification__mean_quality_regret_pp,utility_quantile,minimum_quality_floor,0.014764631569639315,0.04213691850368559
image_classification__mean_quality_regret_pp,utility_quantile,trend_window,0.005314280734001843,0.0411636792526495
image_classification__mean_quality_regret_pp,minimum_quality_floor,trend_window,0.0005201712052866937,0.02450725805138396
image_classification__mean_stop_epoch,min_epochs_floor,noise_multiplier,0.036329415273286786,0.05079138113205416
image_classification__mean_stop_epoch,min_epochs_floor,utility_quantile,0.10181551977983205,0.05605424128930567
image_classification__mean_stop_epoch,min_epochs_floor,minimum_quality_floor,0.010017451647468152,0.05187444160517479
image_classification__mean_stop_epoch,min_epochs_floor,trend_window,-0.004066353430552994,0.04999590683864058
image_classification__mean_stop_epoch,noise_multiplier,utility_quantile,0.035712930741334914,0.029258061692658505
image_classification__mean_stop_epoch,noise_multiplier,minimum_quality_floor,0.00996121892687029,0.028576657545472228
image_classification__mean_stop_epoch,noise_multiplier,trend_window,0.006301970501357595,0.02795694466089017
image_classification__mean_stop_epoch,utility_quantile,minimum_quality_floor,0.010996360658592337,0.04171909393505528
image_classification__mean_stop_epoch,utility_quantile,trend_window,0.008723378005882142,0.040868244066205754
image_classification__mean_stop_epoch,minimum_quality_floor,trend_window,0.0003239697450031986,0.02051886960291084
image_classification__mean_stop_epoch_fraction,min_epochs_floor,noise_multiplier,0.036329415273286716,0.051182597615495505
image_classification__mean_stop_epoch_fraction,min_epochs_floor,utility_quantile,0.10181551977983255,0.05579366627523629
image_classification__mean_stop_epoch_fraction,min_epochs_floor,minimum_quality_floor,0.010017451647468097,0.05239633182171983
image_classification__mean_stop_epoch_fraction,min_epochs_floor,trend_window,-0.004066353430553157,0.05039035160018206
image_classification__mean_stop_epoch_fraction,noise_multiplier,utility_quantile,0.035712930741335136,0.02970146578571013
image_classification__mean_stop_epoch_fraction,noise_multiplier,minimum_quality_floor,0.009961218926870553,0.02818658790179687
image_classification__mean_stop_epoch_fraction,noise_multiplier,trend_window,0.006301970501357834,0.028225017954157983
image_classification__mean_stop_epoch_fraction,utility_quantile,minimum_quality_floor,0.010996360658592504,0.04269854569868559
image_classification__mean_stop_epoch_fraction,utility_quantile,trend_window,0.008723378005882257,0.04123282142747211
image_classification__mean_stop_epoch_fraction,minimum_quality_floor,trend_window,0.0003239697450033792,0.019430418190257013
image_classification__noninferiority_success_fraction,min_epochs_floor,noise_multiplier,0.04043109317895581,0.046718312170175885
image_classification__noninferiority_success_fraction,min_epochs_floor,utility_quantile,0.12696083490157334,0.04717021833358152
image_classification__noninferiority_success_fraction,min_epochs_floor,minimum_quality_floor,0.010400776055274289,0.04590268788091779
image_classification__noninferiority_success_fraction,min_epochs_floor,trend_window,0.0020561726790409214,0.04496838451748367
image_classification__noninferiority_success_fraction,noise_multiplier,utility_quantile,0.038115770130553006,0.027277273373367817
image_classification__noninferiority_success_fraction,noise_multiplier,minimum_quality_floor,0.016003107532568884,0.028035319179121616
image_classification__noninferiority_success_fraction,noise_multiplier,trend_window,0.012608194562361235,0.026955618130594324
image_classification__noninferiority_success_fraction,utility_quantile,minimum_quality_floor,0.008798223945651999,0.04373942341063574
image_classification__noninferiority_success_fraction,utility_quantile,trend_window,0.004080821344419302,0.04273051091105235
image_classification__noninferiority_success_fraction,minimum_quality_floor,trend_window,0.0012762847963936883,0.015994505280852583
image_classification__joint_success_fraction,min_epochs_floor,noise_multiplier,0.05828756609944073,0.08261455493093081
image_classification__joint_success_fraction,min_epochs_floor,utility_quantile,0.19736209255320364,0.09490987997599505
image_classification__joint_success_fraction,min_epochs_floor,minimum_quality_floor,-0.00991095257482911,0.07246458728827755
image_classification__joint_success_fraction,min_epochs_floor,trend_window,-0.0008406496363153951,0.07846627004009898
image_classification__joint_success_fraction,noise_multiplier,utility_quantile,0.017458943407755168,0.041074315433002245
image_classification__joint_success_fraction,noise_multiplier,minimum_quality_floor,0.005533659934070572,0.03803650411396963
image_classification__joint_success_fraction,noise_multiplier,trend_window,-0.0002508239737902887,0.038006862382103435
image_classification__joint_success_fraction,utility_quantile,minimum_quality_floor,0.011075075042399745,0.055084498074806226
image_classification__joint_success_fraction,utility_quantile,trend_window,0.02590614397614737,0.058739227580026664
image_classification__joint_success_fraction,minimum_quality_floor,trend_window,0.002184347850673951,0.01513607641349969
image_classification__bayesian_veto_rate,min_epochs_floor,noise_multiplier,0.05819873396675747,0.0662708224487956
image_classification__bayesian_veto_rate,min_epochs_floor,utility_quantile,0.01821752876663009,0.061867062289878025
image_classification__bayesian_veto_rate,min_epochs_floor,minimum_quality_floor,-0.012563175645983261,0.059130268348121615
image_classification__bayesian_veto_rate,min_epochs_floor,trend_window,0.05465105129114778,0.07675706897868238
image_classification__bayesian_veto_rate,noise_multiplier,utility_quantile,-0.0069854310836698075,0.04057561088658852
image_classification__bayesian_veto_rate,noise_multiplier,minimum_quality_floor,-0.00702530619827888,0.035834080994188784
image_classification__bayesian_veto_rate,noise_multiplier,trend_window,-0.0024630759971379645,0.04536160758739197
image_classification__bayesian_veto_rate,utility_quantile,minimum_quality_floor,-0.027150770268790814,0.04664571831165487
image_classification__bayesian_veto_rate,utility_quantile,trend_window,0.026368972767773557,0.05514213222991941
image_classification__bayesian_veto_rate,minimum_quality_floor,trend_window,-0.025601788926272073,0.021839541994071267
image_classification__controller_runtime_ms_per_epoch,min_epochs_floor,noise_multiplier,0.031740479567254454,0.05024733095847072
image_classification__controller_runtime_ms_per_epoch,min_epochs_floor,utility_quantile,0.09866336330005165,0.05185886059374708
image_classification__controller_runtime_ms_per_epoch,min_epochs_floor,minimum_quality_floor,0.010454994470612801,0.04889648014853434
image_classification__controller_runtime_ms_per_epoch,min_epochs_floor,trend_window,-0.002801504031379895,0.04622847692698641
image_classification__controller_runtime_ms_per_epoch,noise_multiplier,utility_quantile,0.034714843967596776,0.027237099018169175
image_classification__controller_runtime_ms_per_epoch,noise_multiplier,minimum_quality_floor,0.007630193834106937,0.02709873790977083
image_classification__controller_runtime_ms_per_epoch,noise_multiplier,trend_window,0.004515490114429879,0.0271226257725093
image_classification__controller_runtime_ms_per_epoch,utility_quantile,minimum_quality_floor,0.011706762997714316,0.04216746482284428
image_classification__controller_runtime_ms_per_epoch,utility_quantile,trend_window,0.012652619903883236,0.04231069144131536
image_classification__controller_runtime_ms_per_epoch,minimum_quality_floor,trend_window,-0.0017411464759611688,0.01921074775590022
image_classification__energy_saving_q25,min_epochs_floor,noise_multiplier,0.033329276126777024,0.05274472597126383
image_classification__energy_saving_q25,min_epochs_floor,utility_quantile,0.10573577418422875,0.052142785764345265
image_classification__energy_saving_q25,min_epochs_floor,minimum_quality_floor,0.01900748793698917,0.05161894861058074
image_classification__energy_saving_q25,min_epochs_floor,trend_window,-0.010720250321153466,0.04811542138302234
image_classification__energy_saving_q25,noise_multiplier,utility_quantile,0.03957822163509084,0.030290583284810026
image_classification__energy_saving_q25,noise_multiplier,minimum_quality_floor,0.012668458654297443,0.0305526848590058
image_classification__energy_saving_q25,noise_multiplier,trend_window,0.006050464456241411,0.029599041834880154
image_classification__energy_saving_q25,utility_quantile,minimum_quality_floor,0.01521789278259747,0.045966008338932794
image_classification__energy_saving_q25,utility_quantile,trend_window,0.005987446655655385,0.042140226573836925
image_classification__energy_saving_q25,minimum_quality_floor,trend_window,-0.002106861240240926,0.026547988834681804
image_classification__quality_cvar90_normalized,min_epochs_floor,noise_multiplier,0.04073531276436837,0.04810298921959047
image_classification__quality_cvar90_normalized,min_epochs_floor,utility_quantile,0.11200337717729023,0.05343727608094608
image_classification__quality_cvar90_normalized,min_epochs_floor,minimum_quality_floor,-1.8314486086682367e-05,0.046565028065354154
image_classification__quality_cvar90_normalized,min_epochs_floor,trend_window,-0.0053297747362734795,0.045196363357091845
image_classification__quality_cvar90_normalized,noise_multiplier,utility_quantile,0.028123636898934296,0.027818138262883655
image_classification__quality_cvar90_normalized,noise_multiplier,minimum_quality_floor,0.007104337981696706,0.026829573162903093
image_classification__quality_cvar90_normalized,noise_multiplier,trend_window,0.004716443083027338,0.027001723062898487
image_classification__quality_cvar90_normalized,utility_quantile,minimum_quality_floor,0.014809212240127524,0.03899633345268007
image_classification__quality_cvar90_normalized,utility_quantile,trend_window,0.011968231637894695,0.03843973342539981
image_classification__quality_cvar90_normalized,minimum_quality_floor,trend_window,0.0016474117897383716,0.012534230295450362
object_detection__mean_energy_saving_fraction,min_epochs_floor,noise_multiplier,0.040087092204147606,0.05152486838762138
object_detection__mean_energy_saving_fraction,min_epochs_floor,utility_quantile,0.05192967420773975,0.0530220185197094
object_detection__mean_energy_saving_fraction,min_epochs_floor,minimum_quality_floor,0.057859204637195794,0.05407206700859277
object_detection__mean_energy_saving_fraction,min_epochs_floor,trend_window,0.006834965091010977,0.04815122634910268
object_detection__mean_energy_saving_fraction,noise_multiplier,utility_quantile,0.015139279931606436,0.02923400049491653
object_detection__mean_energy_saving_fraction,noise_multiplier,minimum_quality_floor,0.011867923286727727,0.02965756277645402
object_detection__mean_energy_saving_fraction,noise_multiplier,trend_window,0.00109990779973221,0.02844737224652724
object_detection__mean_energy_saving_fraction,utility_quantile,minimum_quality_floor,0.02059527106091663,0.035327107238470205
object_detection__mean_energy_saving_fraction,utility_quantile,trend_window,0.00750401541804527,0.03702138527612402
object_detection__mean_energy_saving_fraction,minimum_quality_floor,trend_window,-0.0020336043350434856,0.03681972551421146
object_detection__mean_quality_regret_pp,min_epochs_floor,noise_multiplier,0.05465243076545097,0.05830661581174725
object_detection__mean_quality_regret_pp,min_epochs_floor,utility_quantile,0.0673608386038044,0.05822047955442742
object_detection__mean_quality_regret_pp,min_epochs_floor,minimum_quality_floor,0.08392415389494948,0.05974185504333784
object_detection__mean_quality_regret_pp,min_epochs_floor,trend_window,0.009180193575960234,0.054875091956412235
object_detection__mean_quality_regret_pp,noise_multiplier,utility_quantile,0.014569020914012548,0.028042269305319015
object_detection__mean_quality_regret_pp,noise_multiplier,minimum_quality_floor,0.01772536053750548,0.030831297318706746
object_detection__mean_quality_regret_pp,noise_multiplier,trend_window,0.0018169359645775563,0.028162045037758796
object_detection__mean_quality_regret_pp,utility_quantile,minimum_quality_floor,0.020583508747904378,0.034883078691818364
object_detection__mean_quality_regret_pp,utility_quantile,trend_window,0.00048287746948221747,0.034343209344551526
object_detection__mean_quality_regret_pp,minimum_quality_floor,trend_window,-0.001827231694793644,0.039728722074782744
object_detection__mean_stop_epoch,min_epochs_floor,noise_multiplier,0.039743159238986484,0.05262048949779728
object_detection__mean_stop_epoch,min_epochs_floor,utility_quantile,0.05152815757479079,0.05185620926533514
object_detection__mean_stop_epoch,min_epochs_floor,minimum_quality_floor,0.057611970492497194,0.05237592526814082
object_detection__mean_stop_epoch,min_epochs_floor,trend_window,0.006831860641304948,0.04859406716946211
object_detection__mean_stop_epoch,noise_multiplier,utility_quantile,0.01513628957707397,0.02784893417586046
object_detection__mean_stop_epoch,noise_multiplier,minimum_quality_floor,0.011866361442987722,0.02939091674830337
object_detection__mean_stop_epoch,noise_multiplier,trend_window,0.0010552556060238185,0.0271170256212715
object_detection__mean_stop_epoch,utility_quantile,minimum_quality_floor,0.02077354413434848,0.036454037384030746
object_detection__mean_stop_epoch,utility_quantile,trend_window,0.007554062658742643,0.03526106175765893
object_detection__mean_stop_epoch,minimum_quality_floor,trend_window,-0.00202518537008839,0.039374168798867855
object_detection__mean_stop_epoch_fraction,min_epochs_floor,noise_multiplier,0.039743159238985956,0.05060636792593518
object_detection__mean_stop_epoch_fraction,min_epochs_floor,utility_quantile,0.051528157574790096,0.051712655622620715
object_detection__mean_stop_epoch_fraction,min_epochs_floor,minimum_quality_floor,0.057611970492497416,0.05362172064189496
object_detection__mean_stop_epoch_fraction,min_epochs_floor,trend_window,0.006831860641304975,0.04815476794928121
object_detection__mean_stop_epoch_fraction,noise_multiplier,utility_quantile,0.015136289577073941,0.0278751279295997
object_detection__mean_stop_epoch_fraction,noise_multiplier,minimum_quality_floor,0.011866361442987722,0.029752473041547014
object_detection__mean_stop_epoch_fraction,noise_multiplier,trend_window,0.001055255606023901,0.02857963084781705
object_detection__mean_stop_epoch_fraction,utility_quantile,minimum_quality_floor,0.020773544134348565,0.03411852269776682
object_detection__mean_stop_epoch_fraction,utility_quantile,trend_window,0.007554062658742559,0.03524870344256544
object_detection__mean_stop_epoch_fraction,minimum_quality_floor,trend_window,-0.0020251853700880024,0.035241922405608694
object_detection__noninferiority_success_fraction,min_epochs_floor,noise_multiplier,0.026770571247592446,0.04515915398697034
object_detection__noninferiority_success_fraction,min_epochs_floor,utility_quantile,0.051506899383808036,0.04550987142564677
object_detection__noninferiority_success_fraction,min_epochs_floor,minimum_quality_floor,0.060731616392612014,0.04781807311001188
object_detection__noninferiority_success_fraction,min_epochs_floor,trend_window,0.006238445959076987,0.0433381949851381
object_detection__noninferiority_success_fraction,noise_multiplier,utility_quantile,0.008978175602821242,0.02348683814245496
object_detection__noninferiority_success_fraction,noise_multiplier,minimum_quality_floor,0.005730800561034366,0.026306812481086423
object_detection__noninferiority_success_fraction,noise_multiplier,trend_window,0.00028800314416999083,0.024496051399702293
object_detection__noninferiority_success_fraction,utility_quantile,minimum_quality_floor,0.010161616350494812,0.03446847705348647
object_detection__noninferiority_success_fraction,utility_quantile,trend_window,0.0007278472693531758,0.033909628874310926
object_detection__noninferiority_success_fraction,minimum_quality_floor,trend_window,-0.0013589208041922605,0.03814115894641006
object_detection__joint_success_fraction,min_epochs_floor,noise_multiplier,0.03463412352950296,0.07115919471127478
object_detection__joint_success_fraction,min_epochs_floor,utility_quantile,0.07582570524727977,0.07464912644473319
object_detection__joint_success_fraction,min_epochs_floor,minimum_quality_floor,0.07049597649448483,0.07315765345478267
object_detection__joint_success_fraction,min_epochs_floor,trend_window,-0.01004573820755588,0.06633743228714516
object_detection__joint_success_fraction,noise_multiplier,utility_quantile,0.0022989710074744936,0.02320144188248228
object_detection__joint_success_fraction,noise_multiplier,minimum_quality_floor,0.002726682133704618,0.0235744474033964
object_detection__joint_success_fraction,noise_multiplier,trend_window,0.0015400731941005961,0.021987992947695087
object_detection__joint_success_fraction,utility_quantile,minimum_quality_floor,-0.009287519630022487,0.030710686885650058
object_detection__joint_success_fraction,utility_quantile,trend_window,-0.0009673359513468795,0.031049684728861007
object_detection__joint_success_fraction,minimum_quality_floor,trend_window,-0.006495687820037732,0.03003806097960588
object_detection__bayesian_veto_rate,min_epochs_floor,noise_multiplier,0.05222537821577011,0.07677682732446173
object_detection__bayesian_veto_rate,min_epochs_floor,utility_quantile,0.006183115522141951,0.06442586140839877
object_detection__bayesian_veto_rate,min_epochs_floor,minimum_quality_floor,0.0035208029275335456,0.06360130073948109
object_detection__bayesian_veto_rate,min_epochs_floor,trend_window,0.05277280496759795,0.06933494703602588
object_detection__bayesian_veto_rate,noise_multiplier,utility_quantile,0.006220713776513752,0.0805842376878769
object_detection__bayesian_veto_rate,noise_multiplier,minimum_quality_floor,0.004126625313246652,0.08296040930926268
object_detection__bayesian_veto_rate,noise_multiplier,trend_window,0.054216830980815645,0.09398499284581005
object_detection__bayesian_veto_rate,utility_quantile,minimum_quality_floor,-0.016674637380048044,0.033075266559814756
object_detection__bayesian_veto_rate,utility_quantile,trend_window,-0.004476764694822416,0.038664780460932635
object_detection__bayesian_veto_rate,minimum_quality_floor,trend_window,0.01602074546601892,0.03294128331210303
object_detection__controller_runtime_ms_per_epoch,min_epochs_floor,noise_multiplier,0.030867395813381118,0.049632691678223595
object_detection__controller_runtime_ms_per_epoch,min_epochs_floor,utility_quantile,0.047400370811012976,0.050800065115730396
object_detection__controller_runtime_ms_per_epoch,min_epochs_floor,minimum_quality_floor,0.05127910698020641,0.052970874405718724
object_detection__controller_runtime_ms_per_epoch,min_epochs_floor,trend_window,0.0029684816520536856,0.04983616772679919
object_detection__controller_runtime_ms_per_epoch,noise_multiplier,utility_quantile,0.013381333433416881,0.029507985880282164
object_detection__controller_runtime_ms_per_epoch,noise_multiplier,minimum_quality_floor,0.00862013519326768,0.029964561114883152
object_detection__controller_runtime_ms_per_epoch,noise_multiplier,trend_window,-0.00144798920502409,0.02945416703240442
object_detection__controller_runtime_ms_per_epoch,utility_quantile,minimum_quality_floor,0.019529889869037698,0.034956489069085425
object_detection__controller_runtime_ms_per_epoch,utility_quantile,trend_window,0.016864982617632,0.03855190091030692
object_detection__controller_runtime_ms_per_epoch,minimum_quality_floor,trend_window,-0.003627107122696342,0.0376477460380579
object_detection__energy_saving_q25,min_epochs_floor,noise_multiplier,0.03628800939713969,0.049431573608475485
object_detection__energy_saving_q25,min_epochs_floor,utility_quantile,0.04530723308116795,0.050789395509396595
object_detection__energy_saving_q25,min_epochs_floor,minimum_quality_floor,0.09616995632135605,0.05043144975341517
object_detection__energy_saving_q25,min_epochs_floor,trend_window,0.010520014160543741,0.048374771496259746
object_detection__energy_saving_q25,noise_multiplier,utility_quantile,0.017491692852867738,0.032945409329811236
object_detection__energy_saving_q25,noise_multiplier,minimum_quality_floor,0.036726248560177255,0.029369947792164095
object_detection__energy_saving_q25,noise_multiplier,trend_window,0.0022336092611430366,0.0307572297412352
object_detection__energy_saving_q25,utility_quantile,minimum_quality_floor,0.0448110035193644,0.03244559082714934
object_detection__energy_saving_q25,utility_quantile,trend_window,-0.0010556371423409276,0.033553306691025686
object_detection__energy_saving_q25,minimum_quality_floor,trend_window,-0.0028392428726894113,0.0389053890111969
object_detection__quality_cvar90_normalized,min_epochs_floor,noise_multiplier,0.06042178583276121,0.05956314143236028
object_detection__quality_cvar90_normalized,min_epochs_floor,utility_quantile,0.08245246761750419,0.06366730617502077
object_detection__quality_cvar90_normalized,min_epochs_floor,minimum_quality_floor,0.06638571637166389,0.06364898340178045
object_detection__quality_cvar90_normalized,min_epochs_floor,trend_window,0.013605070723209682,0.06017541023506479
object_detection__quality_cvar90_normalized,noise_multiplier,utility_quantile,0.0071440337477085974,0.028597723188229694
object_detection__quality_cvar90_normalized,noise_multiplier,minimum_quality_floor,0.004321829695766388,0.02835655894944297
object_detection__quality_cvar90_normalized,noise_multiplier,trend_window,0.002166957767170156,0.028927461992715696
object_detection__quality_cvar90_normalized,utility_quantile,minimum_quality_floor,0.015344126581829695,0.034158705198103316
object_detection__quality_cvar90_normalized,utility_quantile,trend_window,0.019660247087724084,0.03489970294255948
object_detection__quality_cvar90_normalized,minimum_quality_floor,trend_window,2.2719972488966997e-05,0.03686916868069345
semantic_segmentation__mean_energy_saving_fraction,min_epochs_floor,noise_multiplier,0.02251009302499392,0.05005604172667195
semantic_segmentation__mean_energy_saving_fraction,min_epochs_floor,utility_quantile,0.06364815158600509,0.05412819728806332
semantic_segmentation__mean_energy_saving_fraction,min_epochs_floor,minimum_quality_floor,0.031822805409303656,0.05343937782980409
semantic_segmentation__mean_energy_saving_fraction,min_epochs_floor,trend_window,0.0011396109936753721,0.05001000278843125
semantic_segmentation__mean_energy_saving_fraction,noise_multiplier,utility_quantile,0.011664146910495138,0.02457696349847954
semantic_segmentation__mean_energy_saving_fraction,noise_multiplier,minimum_quality_floor,0.002976970949900057,0.02601949404548097
semantic_segmentation__mean_energy_saving_fraction,noise_multiplier,trend_window,-0.0003369611940677777,0.025156609694003636
semantic_segmentation__mean_energy_saving_fraction,utility_quantile,minimum_quality_floor,0.021741226139121023,0.03686615900138368
semantic_segmentation__mean_energy_saving_fraction,utility_quantile,trend_window,-0.004595118555050076,0.03552753571824203
semantic_segmentation__mean_energy_saving_fraction,minimum_quality_floor,trend_window,-0.0016032711176201305,0.03743601083519402
semantic_segmentation__mean_quality_regret_pp,min_epochs_floor,noise_multiplier,0.03962298029567127,0.06332051282536375
semantic_segmentation__mean_quality_regret_pp,min_epochs_floor,utility_quantile,0.08688065141211769,0.06894808672769603
semantic_segmentation__mean_quality_regret_pp,min_epochs_floor,minimum_quality_floor,0.07434230813775528,0.07134438487130455
semantic_segmentation__mean_quality_regret_pp,min_epochs_floor,trend_window,-0.004401638551722233,0.06091211625267004
semantic_segmentation__mean_quality_regret_pp,noise_multiplier,utility_quantile,0.011081148315744846,0.02945686431957147
semantic_segmentation__mean_quality_regret_pp,noise_multiplier,minimum_quality_floor,0.008454680866194969,0.03107171780297691
semantic_segmentation__mean_quality_regret_pp,noise_multiplier,trend_window,0.0028762422064598676,0.028690523728444602
semantic_segmentation__mean_quality_regret_pp,utility_quantile,minimum_quality_floor,0.026116149341513628,0.037150245641937876
semantic_segmentation__mean_quality_regret_pp,utility_quantile,trend_window,-0.003628874528790429,0.03507211326253318
semantic_segmentation__mean_quality_regret_pp,minimum_quality_floor,trend_window,-0.0040732133440083106,0.04395663972916099
semantic_segmentation__mean_stop_epoch,min_epochs_floor,noise_multiplier,0.022371903083185624,0.05115757196369382
semantic_segmentation__mean_stop_epoch,min_epochs_floor,utility_quantile,0.06341770890709833,0.05080490972106218
semantic_segmentation__mean_stop_epoch,min_epochs_floor,minimum_quality_floor,0.03177556009311122,0.05665161910344095
semantic_segmentation__mean_stop_epoch,min_epochs_floor,trend_window,0.0011531595854851646,0.04969428687942097
semantic_segmentation__mean_stop_epoch,noise_multiplier,utility_quantile,0.011628051569762016,0.026462712985495646
semantic_segmentation__mean_stop_epoch,noise_multiplier,minimum_quality_floor,0.002944102862398712,0.02821921935822078
semantic_segmentation__mean_stop_epoch,noise_multiplier,trend_window,-0.0003495268449764215,0.026296603974951212
semantic_segmentation__mean_stop_epoch,utility_quantile,minimum_quality_floor,0.021857837408129382,0.03960218627837322
semantic_segmentation__mean_stop_epoch,utility_quantile,trend_window,-0.004603383486639811,0.036408041388884566
semantic_segmentation__mean_stop_epoch,minimum_quality_floor,trend_window,-0.0016838240151577748,0.03816056305823946
semantic_segmentation__mean_stop_epoch_fraction,min_epochs_floor,noise_multiplier,0.02237190308318532,0.050385963099158396
semantic_segmentation__mean_stop_epoch_fraction,min_epochs_floor,utility_quantile,0.06341770890709794,0.053808394292722404
semantic_segmentation__mean_stop_epoch_fraction,min_epochs_floor,minimum_quality_floor,0.03177556009311208,0.05543659770059499
semantic_segmentation__mean_stop_epoch_fraction,min_epochs_floor,trend_window,0.0011531595854849227,0.04996940239517253
semantic_segmentation__mean_stop_epoch_fraction,noise_multiplier,utility_quantile,0.011628051569762238,0.025892825212796355
semantic_segmentation__mean_stop_epoch_fraction,noise_multiplier,minimum_quality_floor,0.002944102862399045,0.028118959190048937
semantic_segmentation__mean_stop_epoch_fraction,noise_multiplier,trend_window,-0.00034952684497605285,0.02642909596205327
semantic_segmentation__mean_stop_epoch_fraction,utility_quantile,minimum_quality_floor,0.021857837408130076,0.03911754844951287
semantic_segmentation__mean_stop_epoch_fraction,utility_quantile,trend_window,-0.004603383486639664,0.03690382340586502
semantic_segmentation__mean_stop_epoch_fraction,minimum_quality_floor,trend_window,-0.0016838240151572257,0.03894620569468635
semantic_segmentation__noninferiority_success_fraction,min_epochs_floor,noise_multiplier,0.03419803743001239,0.052573446458258316
semantic_segmentation__noninferiority_success_fraction,min_epochs_floor,utility_quantile,0.10107826705049369,0.05831858630786729
semantic_segmentation__noninferiority_success_fraction,min_epochs_floor,minimum_quality_floor,0.04065481120232781,0.058768942052476736
semantic_segmentation__noninferiority_success_fraction,min_epochs_floor,trend_window,-0.004712197873185331,0.05088313426952948
semantic_segmentation__noninferiority_success_fraction,noise_multiplier,utility_quantile,0.007946803370904448,0.02729771876809596
semantic_segmentation__noninferiority_success_fraction,noise_multiplier,minimum_quality_floor,0.004581870960922142,0.027634190156852808
semantic_segmentation__noninferiority_success_fraction,noise_multiplier,trend_window,0.0035955124576003278,0.025771108210457014
semantic_segmentation__noninferiority_success_fraction,utility_quantile,minimum_quality_floor,0.010390610312834926,0.03538253845199226
semantic_segmentation__noninferiority_success_fraction,utility_quantile,trend_window,-0.0005920724747281031,0.03301101816046488
semantic_segmentation__noninferiority_success_fraction,minimum_quality_floor,trend_window,-0.0037124204292826243,0.038920110281073374
semantic_segmentation__joint_success_fraction,min_epochs_floor,noise_multiplier,0.03303329822248971,0.04985315526952306
semantic_segmentation__joint_success_fraction,min_epochs_floor,utility_quantile,0.14184146674507475,0.05084056255108099
semantic_segmentation__joint_success_fraction,min_epochs_floor,minimum_quality_floor,0.010949295684931998,0.05681241303126751
semantic_segmentation__joint_success_fraction,min_epochs_floor,trend_window,0.0019518294310975437,0.04921716492966633
semantic_segmentation__joint_success_fraction,noise_multiplier,utility_quantile,0.008809873177470617,0.022624976543816774
semantic_segmentation__joint_success_fraction,noise_multiplier,minimum_quality_floor,0.003960761160546916,0.022990380592069867
semantic_segmentation__joint_success_fraction,noise_multiplier,trend_window,0.004494897925915646,0.022822805928294797
semantic_segmentation__joint_success_fraction,utility_quantile,minimum_quality_floor,0.024387688092691734,0.0414809945451704
semantic_segmentation__joint_success_fraction,utility_quantile,trend_window,0.016369053629674096,0.037258522544240884
semantic_segmentation__joint_success_fraction,minimum_quality_floor,trend_window,-0.01236280943601494,0.03667490469310755
semantic_segmentation__bayesian_veto_rate,min_epochs_floor,noise_multiplier,0.040274592808591136,0.062131364397195334
semantic_segmentation__bayesian_veto_rate,min_epochs_floor,utility_quantile,0.006407929423614553,0.0513638631790997
semantic_segmentation__bayesian_veto_rate,min_epochs_floor,minimum_quality_floor,0.015611615015149504,0.05631725534501444
semantic_segmentation__bayesian_veto_rate,min_epochs_floor,trend_window,0.010929559016380819,0.04863209358697638
semantic_segmentation__bayesian_veto_rate,noise_multiplier,utility_quantile,0.07731083191510106,0.13071952642668225
semantic_segmentation__bayesian_veto_rate,noise_multiplier,minimum_quality_floor,0.017257051809061234,0.1343823007176015
semantic_segmentation__bayesian_veto_rate,noise_multiplier,trend_window,0.05594616618094418,0.14067504538353606
semantic_segmentation__bayesian_veto_rate,utility_quantile,minimum_quality_floor,-0.017426495898242866,0.045024678720374654
semantic_segmentation__bayesian_veto_rate,utility_quantile,trend_window,0.02056248980236383,0.05725998107602047
semantic_segmentation__bayesian_veto_rate,minimum_quality_floor,trend_window,-0.0023223879240091005,0.026378714171772948
semantic_segmentation__controller_runtime_ms_per_epoch,min_epochs_floor,noise_multiplier,0.01488117846195873,0.04706355878456219
semantic_segmentation__controller_runtime_ms_per_epoch,min_epochs_floor,utility_quantile,0.05776217295521302,0.04833112957081145
semantic_segmentation__controller_runtime_ms_per_epoch,min_epochs_floor,minimum_quality_floor,0.02925184264524898,0.05106493226972525
semantic_segmentation__controller_runtime_ms_per_epoch,min_epochs_floor,trend_window,-0.0006475656313272658,0.04617930472637504
semantic_segmentation__controller_runtime_ms_per_epoch,noise_multiplier,utility_quantile,0.007799403349414313,0.023678344924696802
semantic_segmentation__controller_runtime_ms_per_epoch,noise_multiplier,minimum_quality_floor,-0.0004139471563325281,0.027001967413767255
semantic_segmentation__controller_runtime_ms_per_epoch,noise_multiplier,trend_window,-0.003339874491598555,0.024386462187066745
semantic_segmentation__controller_runtime_ms_per_epoch,utility_quantile,minimum_quality_floor,0.024398514059870355,0.0422869321565693
semantic_segmentation__controller_runtime_ms_per_epoch,utility_quantile,trend_window,0.0013759729180528781,0.041709650016902106
semantic_segmentation__controller_runtime_ms_per_epoch,minimum_quality_floor,trend_window,-0.004434115272267442,0.04105495873424015
semantic_segmentation__energy_saving_q25,min_epochs_floor,noise_multiplier,0.008147260538122238,0.05008291204945355
semantic_segmentation__energy_saving_q25,min_epochs_floor,utility_quantile,0.04860915167446886,0.057021916672502795
semantic_segmentation__energy_saving_q25,min_epochs_floor,minimum_quality_floor,0.08707659693720277,0.054776580630851224
semantic_segmentation__energy_saving_q25,min_epochs_floor,trend_window,-0.002807002575451057,0.04937260942849536
semantic_segmentation__energy_saving_q25,noise_multiplier,utility_quantile,0.010587132468073218,0.02830595694608483
semantic_segmentation__energy_saving_q25,noise_multiplier,minimum_quality_floor,0.01878952302679021,0.031018605852398396
semantic_segmentation__energy_saving_q25,noise_multiplier,trend_window,-0.003657302907997705,0.028006393005413712
semantic_segmentation__energy_saving_q25,utility_quantile,minimum_quality_floor,0.08055350870542988,0.0419412080500944
semantic_segmentation__energy_saving_q25,utility_quantile,trend_window,-0.007920087481834322,0.03562062015656467
semantic_segmentation__energy_saving_q25,minimum_quality_floor,trend_window,-0.006942218292641001,0.05290395136357726
semantic_segmentation__quality_cvar90_normalized,min_epochs_floor,noise_multiplier,0.044394610854068706,0.05457628526961865
semantic_segmentation__quality_cvar90_normalized,min_epochs_floor,utility_quantile,0.09271069019915015,0.05804664847158095
semantic_segmentation__quality_cvar90_normalized,min_epochs_floor,minimum_quality_floor,0.03152798253335195,0.05766908842651203
semantic_segmentation__quality_cvar90_normalized,min_epochs_floor,trend_window,0.00540595637030557,0.05318670840745453
semantic_segmentation__quality_cvar90_normalized,noise_multiplier,utility_quantile,0.007343875211555689,0.02671049735561688
semantic_segmentation__quality_cvar90_normalized,noise_multiplier,minimum_quality_floor,0.00371397363499016,0.026754852447444372
semantic_segmentation__quality_cvar90_normalized,noise_multiplier,trend_window,0.003516756617237676,0.02671853711296555
semantic_segmentation__quality_cvar90_normalized,utility_quantile,minimum_quality_floor,0.010597259859833473,0.03759231976196529
semantic_segmentation__quality_cvar90_normalized,utility_quantile,trend_window,-0.0026076031522268674,0.03518207070610344
semantic_segmentation__quality_cvar90_normalized,minimum_quality_floor,trend_window,0.007044050614217814,0.045511657289699595
