rank,output,parameter,s1,s1_conf,st,st_conf,interaction_gap,status
1,image_classification__bayesian_veto_rate,trend_window,0.30258727061026786,0.0462232465990316,0.5335187649365978,0.06541563949202826,0.23093149432632992,estimated
2,image_classification__bayesian_veto_rate,min_epochs_floor,0.13929736255439534,0.05037207793434474,0.5121098363801021,0.06341447680915346,0.37281247382570676,estimated
3,image_classification__bayesian_veto_rate,utility_quantile,0.12260289350294294,0.03954990917545806,0.37830412867942487,0.05620610517133149,0.2557012351764819,estimated
4,image_classification__bayesian_veto_rate,noise_multiplier,0.04471745513019655,0.02864113066620738,0.25082852563107955,0.03883785345407823,0.206111070500883,estimated
5,image_classification__bayesian_veto_rate,minimum_quality_floor,0.007893628294448769,0.014762402375648466,0.06539229917570959,0.010570788083545021,0.057498670881260816,estimated
1,image_classification__controller_runtime_ms_per_epoch,min_epochs_floor,0.364786796593503,0.042048031055329824,0.5386738781727481,0.03895149357605294,0.17388708157924515,estimated
2,image_classification__controller_runtime_ms_per_epoch,utility_quantile,0.29047449656128854,0.03686621102856437,0.4674949882219412,0.037781561271498156,0.17702049166065265,estimated
3,image_classification__controller_runtime_ms_per_epoch,noise_multiplier,0.09408879960648298,0.02448230375347909,0.1888386151190633,0.024916367513258153,0.09474981551258033,estimated
4,image_classification__controller_runtime_ms_per_epoch,minimum_quality_floor,0.01716639636949415,0.01178080203348291,0.04431254817860174,0.00555019500330114,0.027146151809107587,estimated
5,image_classification__controller_runtime_ms_per_epoch,trend_window,0.0035111311366441272,0.007735469098107308,0.01794343245562717,0.002970148933813704,0.014432301318983043,estimated
1,image_classification__energy_saving_q25,min_epochs_floor,0.3309739791555587,0.03949354567601709,0.5440226198832819,0.041695511922710385,0.21304864072772323,estimated
2,image_classification__energy_saving_q25,utility_quantile,0.2620803046018335,0.035127939880428664,0.4712072672645084,0.04274090184254482,0.2091269626626749,estimated
3,image_classification__energy_saving_q25,noise_multiplier,0.08527240175708875,0.025073359402914084,0.20191136451912506,0.029701809267894997,0.11663896276203631,estimated
4,image_classification__energy_saving_q25,minimum_quality_floor,0.03430881558287499,0.016211521796146405,0.09805934874708078,0.013454590194583988,0.06375053316420579,estimated
5,image_classification__energy_saving_q25,trend_window,0.0014316360960432842,0.00690741072549042,0.013198773799171793,0.0022090102368040212,0.011767137703128509,estimated
1,image_classification__joint_success_fraction,min_epochs_floor,0.3715700649043172,0.05966715031563502,0.73512629860014,0.07530637415347537,0.3635562336958228,estimated
2,image_classification__joint_success_fraction,utility_quantile,0.11516192697601707,0.03738551184408173,0.4494372560024215,0.05865623271953889,0.33427532902640444,estimated
3,image_classification__joint_success_fraction,noise_multiplier,0.07002329863964686,0.026475237704523997,0.21815266351286494,0.03523368649219087,0.1481293648732181,estimated
4,image_classification__joint_success_fraction,trend_window,0.01817275944153921,0.01767853803368507,0.10091173844046175,0.021816199708752666,0.08273897899892255,estimated
5,image_classification__joint_success_fraction,minimum_quality_floor,-0.002024122922080809,0.010263131030723708,0.028845632003354764,0.004098031453705394,0.030869754925435575,estimated
1,image_classification__mean_energy_saving_fraction,min_epochs_floor,0.3890915663899442,0.042935665607845286,0.5695683214573751,0.04204657603295181,0.18047675506743094,estimated
2,image_classification__mean_energy_saving_fraction,utility_quantile,0.26706090336287897,0.03698902535295316,0.44741056607908525,0.04033048726055439,0.18034966271620628,estimated
3,image_classification__mean_energy_saving_fraction,noise_multiplier,0.08802683322002175,0.0250543490885513,0.18623112497395705,0.028134148270630443,0.0982042917539353,estimated
4,image_classification__mean_energy_saving_fraction,minimum_quality_floor,0.016984337335336813,0.012440612161454284,0.047656371212647736,0.005966427293726872,0.030672033877310923,estimated
5,image_classification__mean_energy_saving_fraction,trend_window,0.00196103565764782,0.007148607498686207,0.01449235649266194,0.002583425499627021,0.01253132083501412,estimated
1,image_classification__mean_quality_regret_pp,min_epochs_floor,0.41088237916712844,0.04263607330451986,0.6202545587000647,0.04689705801701465,0.2093721795329363,estimated
2,image_classification__mean_quality_regret_pp,utility_quantile,0.21820961223141758,0.03452211327795179,0.4172312820897842,0.0388993408175337,0.19902166985836664,estimated
3,image_classification__mean_quality_regret_pp,noise_multiplier,0.07344306114350677,0.024278291065320833,0.17654069339241124,0.028096961191274826,0.10309763224890447,estimated
4,image_classification__mean_quality_regret_pp,minimum_quality_floor,0.02629763526097114,0.015510480871562506,0.07497475916684855,0.010260971184259003,0.04867712390587741,estimated
5,image_classification__mean_quality_regret_pp,trend_window,0.0026441561268392352,0.006184325147431406,0.011288918342006281,0.002366942576836999,0.008644762215167046,estimated
1,image_classification__mean_stop_epoch,min_epochs_floor,0.3878868376106864,0.040760953242560044,0.5680167883974655,0.04088123565787533,0.18012995078677912,estimated
2,image_classification__mean_stop_epoch,utility_quantile,0.26808500584653244,0.03725923181614663,0.4483325118331564,0.04381196239729929,0.18024750598662398,estimated
3,image_classification__mean_stop_epoch,noise_multiplier,0.0883053961761828,0.024207580281597255,0.18649463015714124,0.025858932599299295,0.09818923398095844,estimated
4,image_classification__mean_stop_epoch,minimum_quality_floor,0.01711673146879255,0.01197605894162009,0.047937719364749665,0.00593225697455538,0.030820987895957115,estimated
5,image_classification__mean_stop_epoch,trend_window,0.0019438204879260073,0.0071056922393892795,0.014533674266645097,0.002696590391403332,0.012589853778719089,estimated
1,image_classification__mean_stop_epoch_fraction,min_epochs_floor,0.3878868376106871,0.041979287859742816,0.5680167883974666,0.03810764981967264,0.1801299507867795,estimated
2,image_classification__mean_stop_epoch_fraction,utility_quantile,0.26808500584653144,0.037056815384042895,0.4483325118331561,0.040476197163867064,0.18024750598662465,estimated
3,image_classification__mean_stop_epoch_fraction,noise_multiplier,0.08830539617618248,0.025377235370811227,0.1864946301571411,0.026076676167472022,0.09818923398095862,estimated
4,image_classification__mean_stop_epoch_fraction,minimum_quality_floor,0.017116731468792383,0.012022687335480682,0.04793771936474958,0.006357138754946486,0.0308209878959572,estimated
5,image_classification__mean_stop_epoch_fraction,trend_window,0.0019438204879260591,0.007163142859624453,0.014533674266645138,0.002540554777896253,0.012589853778719079,estimated
1,image_classification__noninferiority_success_fraction,min_epochs_floor,0.38643621711356324,0.043427619363217776,0.5848684285962228,0.04357913297171379,0.19843221148265955,estimated
2,image_classification__noninferiority_success_fraction,utility_quantile,0.260774934588153,0.03905168981440749,0.4583290068124993,0.03807360397844939,0.1975540722243463,estimated
3,image_classification__noninferiority_success_fraction,noise_multiplier,0.07402727176028097,0.023835553820305867,0.1758544128483841,0.023837946351331258,0.10182714108810313,estimated
4,image_classification__noninferiority_success_fraction,minimum_quality_floor,0.01347730908278227,0.010334516309008819,0.03758236509115934,0.004306924695317482,0.024105056008377066,estimated
5,image_classification__noninferiority_success_fraction,trend_window,0.0028328500893518376,0.007024905746976365,0.0153192190624628,0.0028765119308014004,0.012486368973110963,estimated
1,image_classification__quality_cvar90_normalized,min_epochs_floor,0.4640246708802809,0.044091179491907016,0.6463835747205025,0.04213034944975402,0.18235890384022158,estimated
2,image_classification__quality_cvar90_normalized,utility_quantile,0.2227947283111066,0.03685841876117186,0.39994048542306354,0.03817559459223443,0.17714575711195693,estimated
3,image_classification__quality_cvar90_normalized,noise_multiplier,0.07809177247564258,0.023214744325976144,0.16926042955528733,0.024924367568500076,0.09116865707964475,estimated
4,image_classification__quality_cvar90_normalized,minimum_quality_floor,0.005011108347119978,0.0073880214463835706,0.021464650570064157,0.0036401143936817433,0.01645354222294418,estimated
5,image_classification__quality_cvar90_normalized,trend_window,0.0038913581959270473,0.007192620834822686,0.014701578179547207,0.003277617802008515,0.01081021998362016,estimated
1,object_detection__bayesian_veto_rate,noise_multiplier,0.22916004786498034,0.05108380833674777,0.5187997410037204,0.0658030813967291,0.28963969313874005,estimated
2,object_detection__bayesian_veto_rate,trend_window,0.20034098204338335,0.04121679149605635,0.4010068153375318,0.0570272273371987,0.20066583329414844,estimated
3,object_detection__bayesian_veto_rate,min_epochs_floor,0.12637585951374739,0.03841232648337776,0.35762450893834186,0.05549209813411082,0.23124864942459447,estimated
4,object_detection__bayesian_veto_rate,utility_quantile,0.03497024548472658,0.026809755633130785,0.16171937699174466,0.03503534794762474,0.12674913150701808,estimated
5,object_detection__bayesian_veto_rate,minimum_quality_floor,0.005654846682489744,0.016753628100851913,0.13795526468939812,0.030340233795636266,0.13230041800690837,estimated
1,object_detection__controller_runtime_ms_per_epoch,min_epochs_floor,0.32978423014364444,0.040537565907664684,0.4843280012952687,0.03890887808344334,0.15454377115162427,estimated
2,object_detection__controller_runtime_ms_per_epoch,minimum_quality_floor,0.1843879442294243,0.03023209281499442,0.28435770358287593,0.02699467416302063,0.09996975935345162,estimated
3,object_detection__controller_runtime_ms_per_epoch,utility_quantile,0.15137276976796923,0.030248574303257465,0.2788901293498677,0.03674971930139896,0.12751735958189844,estimated
4,object_detection__controller_runtime_ms_per_epoch,noise_multiplier,0.09878390230023613,0.0230946283946604,0.1714276442505005,0.024042494800754547,0.07264374195026436,estimated
5,object_detection__controller_runtime_ms_per_epoch,trend_window,0.013570898828713677,0.013553330586291497,0.04986774662337473,0.00892694926494633,0.03629684779466105,estimated
1,object_detection__energy_saving_q25,minimum_quality_floor,0.2780536899300584,0.03819876189191923,0.4941943612654461,0.04499352763043756,0.21614067133538767,estimated
2,object_detection__energy_saving_q25,min_epochs_floor,0.20500666389817654,0.03705074384485726,0.40548871780272105,0.034986727616917845,0.20048205390454452,estimated
3,object_detection__energy_saving_q25,utility_quantile,0.10379060354831081,0.026424590022767133,0.24570847786236225,0.031526266090919464,0.14191787431405145,estimated
4,object_detection__energy_saving_q25,noise_multiplier,0.093153939181362,0.02483850705042395,0.2013294378497302,0.029117086856260174,0.1081754986683682,estimated
5,object_detection__energy_saving_q25,trend_window,0.0019246297274782263,0.009874062859282128,0.024016584687635244,0.004426279171272068,0.022091954960157017,estimated
1,object_detection__joint_success_fraction,min_epochs_floor,0.68402736649454,0.054113282642098345,0.9117051981190124,0.061599986069401945,0.22767783162447242,estimated
2,object_detection__joint_success_fraction,utility_quantile,0.016814107589794798,0.02198670165610668,0.14123198316015606,0.020532474644171392,0.12441787557036127,estimated
3,object_detection__joint_success_fraction,minimum_quality_floor,0.04876254831727619,0.018631140544576635,0.13722905583627626,0.017446073730836842,0.08846650751900006,estimated
4,object_detection__joint_success_fraction,noise_multiplier,0.015756464523138895,0.014285382500685803,0.06950837617697112,0.010708214122388525,0.053751911653832224,estimated
5,object_detection__joint_success_fraction,trend_window,0.008673895353011933,0.008375621928369353,0.019388173250055128,0.0032511314805501986,0.010714277897043194,estimated
1,object_detection__mean_energy_saving_fraction,min_epochs_floor,0.35739991873445975,0.042981154154271235,0.5224573887323586,0.04217567363568837,0.16505746999789883,estimated
2,object_detection__mean_energy_saving_fraction,minimum_quality_floor,0.1754198591682023,0.028775951623502143,0.28224094786225806,0.027466285544161164,0.10682108869405577,estimated
3,object_detection__mean_energy_saving_fraction,utility_quantile,0.13856951945822293,0.030294888092276595,0.2594663122089013,0.0355063078880933,0.12089679275067838,estimated
4,object_detection__mean_energy_saving_fraction,noise_multiplier,0.09642141637648252,0.022971608217972516,0.17486372675255052,0.025174974635500127,0.078442310376068,estimated
5,object_detection__mean_energy_saving_fraction,trend_window,0.0032066477772500195,0.010613056293904223,0.029935752736160736,0.005620173228427583,0.026729104958910718,estimated
1,object_detection__mean_quality_regret_pp,min_epochs_floor,0.3726288772862488,0.042074234190777035,0.5938414242379949,0.04734693739568186,0.22121254695174608,estimated
2,object_detection__mean_quality_regret_pp,minimum_quality_floor,0.14552357934574053,0.029253464672901016,0.2886671517525912,0.02988954464767189,0.1431435724068507,estimated
3,object_detection__mean_quality_regret_pp,utility_quantile,0.11104642888727165,0.027222000567986758,0.2492886978654882,0.03579072667673677,0.13824226897821656,estimated
4,object_detection__mean_quality_regret_pp,noise_multiplier,0.08242035488069614,0.02314312893059508,0.17974737298774598,0.028417553507400026,0.09732701810704984,estimated
5,object_detection__mean_quality_regret_pp,trend_window,0.005916798315067132,0.00999312893477172,0.025812433111674672,0.005042763746896428,0.01989563479660754,estimated
1,object_detection__mean_stop_epoch,min_epochs_floor,0.355209191530324,0.039631173975929516,0.5192207685064847,0.03924452184768879,0.1640115769761607,estimated
2,object_detection__mean_stop_epoch,minimum_quality_floor,0.1774101262041223,0.028728254142911025,0.28421813180323247,0.025531389152824994,0.10680800559911016,estimated
3,object_detection__mean_stop_epoch,utility_quantile,0.13924004731767764,0.02906311310043037,0.25994135724676637,0.03259180827911135,0.12070130992908873,estimated
4,object_detection__mean_stop_epoch,noise_multiplier,0.09669992768169787,0.021753451909818686,0.17480837736659144,0.024691896344571418,0.07810844968489357,estimated
5,object_detection__mean_stop_epoch,trend_window,0.003201005137479036,0.01090130796345033,0.029997952628051428,0.005652624812363551,0.026796947490572393,estimated
1,object_detection__mean_stop_epoch_fraction,min_epochs_floor,0.35520919153032515,0.04055431915056675,0.5192207685064849,0.04062119003164944,0.16401157697615976,estimated
2,object_detection__mean_stop_epoch_fraction,minimum_quality_floor,0.1774101262041228,0.02751173695162823,0.2842181318032333,0.027020659129486018,0.1068080055991105,estimated
3,object_detection__mean_stop_epoch_fraction,utility_quantile,0.13924004731767772,0.02875074414712772,0.2599413572467655,0.03135115971939183,0.12070130992908776,estimated
4,object_detection__mean_stop_epoch_fraction,noise_multiplier,0.09669992768169751,0.02200024750552388,0.1748083773665905,0.02603760792414958,0.07810844968489299,estimated
5,object_detection__mean_stop_epoch_fraction,trend_window,0.0032010051374790644,0.010318401819981542,0.029997952628051258,0.005790131654370936,0.026796947490572195,estimated
1,object_detection__noninferiority_success_fraction,min_epochs_floor,0.4447181183388486,0.04275263098812753,0.6103279873487637,0.045111591401372754,0.1656098690099151,estimated
2,object_detection__noninferiority_success_fraction,minimum_quality_floor,0.16545885031716442,0.029534227479036647,0.2680079170764859,0.022956178237481032,0.10254906675932149,estimated
3,object_detection__noninferiority_success_fraction,utility_quantile,0.11766552860219776,0.02733559161125784,0.22299581666432364,0.026748730184609777,0.10533028806212588,estimated
4,object_detection__noninferiority_success_fraction,noise_multiplier,0.058987729380256,0.017892499043133787,0.11047486597841988,0.015144938994206325,0.051487136598163875,estimated
5,object_detection__noninferiority_success_fraction,trend_window,0.0036328989699408796,0.010307582874633323,0.02807090137081438,0.00614676144843344,0.0244380024008735,estimated
1,object_detection__quality_cvar90_normalized,min_epochs_floor,0.4690144634666105,0.04718528835200848,0.7012454415715565,0.0566312036185834,0.23223097810494603,estimated
2,object_detection__quality_cvar90_normalized,utility_quantile,0.09242870493814992,0.027013128692593664,0.25087267026126525,0.03860620406500715,0.15844396532311533,estimated
3,object_detection__quality_cvar90_normalized,minimum_quality_floor,0.0897297232875945,0.024714370773095906,0.19297945979502704,0.02174716320024874,0.10324973650743254,estimated
4,object_detection__quality_cvar90_normalized,noise_multiplier,0.055315382251646436,0.019988668304588283,0.1458319502234783,0.023960410325818554,0.09051656797183187,estimated
5,object_detection__quality_cvar90_normalized,trend_window,0.006181494514571536,0.015157584335148733,0.061218122087820216,0.00940735482996262,0.05503662757324868,estimated
1,overall__bayesian_veto_rate,noise_multiplier,0.2811473462350183,0.05866861318379786,0.5917195503067042,0.07920073765510001,0.3105722040716859,estimated
2,overall__bayesian_veto_rate,trend_window,0.24140933389144165,0.038363800758699926,0.4119171819445219,0.050823183631895315,0.17050784805308028,estimated
3,overall__bayesian_veto_rate,utility_quantile,0.10738549407856833,0.03998600083176272,0.28552680620950455,0.04367795415268667,0.1781413121309362,estimated
4,overall__bayesian_veto_rate,min_epochs_floor,0.034042000721005446,0.030173846713656464,0.2388915368282619,0.034496044714350485,0.20484953610725645,estimated
5,overall__bayesian_veto_rate,minimum_quality_floor,0.005361233315914211,0.014213910221346257,0.08420251562720153,0.02572886180625772,0.07884128231128731,estimated
1,overall__controller_runtime_ms_per_epoch,min_epochs_floor,0.3706195582286889,0.040006100797110075,0.5202086574811723,0.0365282544077056,0.14958909925248337,estimated
2,overall__controller_runtime_ms_per_epoch,utility_quantile,0.254937814669297,0.034666648504432566,0.397372387791329,0.0396003257675157,0.142434573122032,estimated
3,overall__controller_runtime_ms_per_epoch,noise_multiplier,0.09470806732279968,0.023767028437658624,0.1709225400347143,0.024973826456486402,0.07621447271191462,estimated
4,overall__controller_runtime_ms_per_epoch,minimum_quality_floor,0.07238125658423114,0.018486391663188613,0.12446552612682006,0.01220657313118273,0.05208426954258892,estimated
5,overall__controller_runtime_ms_per_epoch,trend_window,0.008825657277266865,0.009601456114221028,0.02360041992499993,0.0039223298578942335,0.014774762647733064,estimated
1,overall__energy_saving_q25,min_epochs_floor,0.2052288759790161,0.03526284725024214,0.45589697092174947,0.041854066174853495,0.25066809494273334,estimated
2,overall__energy_saving_q25,minimum_quality_floor,0.1741537125489792,0.034597790573007575,0.42118483535839885,0.04680384629725048,0.24703112280941963,estimated
3,overall__energy_saving_q25,utility_quantile,0.16066193181213567,0.031914714772855124,0.3938326627249159,0.04272194013142723,0.23317073091278023,estimated
4,overall__energy_saving_q25,noise_multiplier,0.06711806726777257,0.02289672234124062,0.1977074696675243,0.029773138230674547,0.13058940239975175,estimated
5,overall__energy_saving_q25,trend_window,0.0021326521683304157,0.006448399629373732,0.015432293777595512,0.002953262305646976,0.013299641609265096,estimated
1,overall__joint_success_fraction,min_epochs_floor,0.5544513878531794,0.04702372516898835,0.8172791428313605,0.06207193819669328,0.2628277549781811,estimated
2,overall__joint_success_fraction,utility_quantile,0.10965663596615645,0.03382248131527356,0.2989884418542302,0.0363382393017199,0.18933180588807375,estimated
3,overall__joint_success_fraction,minimum_quality_floor,0.05208865278899119,0.018571233616231225,0.097490223314708,0.011619978529761285,0.045401570525716806,estimated
4,overall__joint_success_fraction,noise_multiplier,0.004814369641799715,0.015331712116435076,0.07934827570144504,0.01031405444594712,0.07453390605964533,estimated
5,overall__joint_success_fraction,trend_window,0.005019973838848059,0.007650673001240036,0.016111947930671073,0.002669445343835738,0.011091974091823014,estimated
1,overall__mean_energy_saving_fraction,min_epochs_floor,0.3970686156885359,0.041220985529225304,0.5547050185431651,0.039646254109129295,0.1576364028546292,estimated
2,overall__mean_energy_saving_fraction,utility_quantile,0.21779061650171885,0.03149214153405135,0.35637333670377286,0.03767562596280067,0.138582720202054,estimated
3,overall__mean_energy_saving_fraction,noise_multiplier,0.09252712624393776,0.02386279442576597,0.17389809364462955,0.02602813978252689,0.08137096740069179,estimated
4,overall__mean_energy_saving_fraction,minimum_quality_floor,0.08109652200889389,0.019736450771282846,0.1435518200644774,0.014951423096318316,0.0624552980555835,estimated
5,overall__mean_energy_saving_fraction,trend_window,0.0038380758364195454,0.007480783765127717,0.015439279465005767,0.0028192669829878707,0.011601203628586222,estimated
1,overall__mean_quality_regret_pp,min_epochs_floor,0.42111426101647426,0.045284859908338866,0.6275860947764624,0.047112316893318316,0.20647183375998818,estimated
2,overall__mean_quality_regret_pp,utility_quantile,0.18160007858395005,0.03235614523289523,0.357803527268995,0.040236167195607325,0.17620344868504495,estimated
3,overall__mean_quality_regret_pp,noise_multiplier,0.07775815173571328,0.02340466050234381,0.17734764261859298,0.028105824369097473,0.0995894908828797,estimated
4,overall__mean_quality_regret_pp,minimum_quality_floor,0.053864014776910094,0.018209984228277434,0.126016425679487,0.014156202005365215,0.07215241090257692,estimated
5,overall__mean_quality_regret_pp,trend_window,0.004101339084651378,0.0064502287061726695,0.01209208766579884,0.002556465515596123,0.007990748581147462,estimated
1,overall__mean_stop_epoch,min_epochs_floor,0.3955420729592203,0.041463448738990105,0.5526203805095959,0.04473044663090897,0.15707830755037566,estimated
2,overall__mean_stop_epoch,utility_quantile,0.21856116022660993,0.03485806399008765,0.3568917601954537,0.03608513588329191,0.13833059996884378,estimated
3,overall__mean_stop_epoch,noise_multiplier,0.09277511334872106,0.02401656076027586,0.17398617031207694,0.0244664696076672,0.08121105696335588,estimated
4,overall__mean_stop_epoch,minimum_quality_floor,0.0820154390885029,0.021499314402916237,0.14467500084625765,0.014991877389490328,0.06265956175775475,estimated
5,overall__mean_stop_epoch,trend_window,0.0038315648020380054,0.0074361451749122365,0.015480373131469518,0.002924692516376853,0.011648808329431513,estimated
1,overall__mean_stop_epoch_fraction,min_epochs_floor,0.3955420729592213,0.03950803952865873,0.5526203805095972,0.04019493593172436,0.15707830755037588,estimated
2,overall__mean_stop_epoch_fraction,utility_quantile,0.2185611602266099,0.032527846858284165,0.35689176019545343,0.038216164579137034,0.13833059996884353,estimated
3,overall__mean_stop_epoch_fraction,noise_multiplier,0.09277511334872042,0.021810866964734287,0.17398617031207686,0.024610101015621354,0.08121105696335644,estimated
4,overall__mean_stop_epoch_fraction,minimum_quality_floor,0.0820154390885023,0.020798243847532687,0.14467500084625742,0.014383076592024849,0.06265956175775513,estimated
5,overall__mean_stop_epoch_fraction,trend_window,0.003831564802037988,0.007462720504671999,0.015480373131469435,0.0027999339030415514,0.011648808329431447,estimated
1,overall__noninferiority_success_fraction,min_epochs_floor,0.4711461521175649,0.043301217734387325,0.6431673073762684,0.046873830292465085,0.17202115525870348,estimated
2,overall__noninferiority_success_fraction,utility_quantile,0.17657269801745873,0.030412521811275302,0.31488623439026475,0.034266075229960065,0.13831353637280602,estimated
3,overall__noninferiority_success_fraction,noise_multiplier,0.0705528521615285,0.020705615775238627,0.14665827396204276,0.019798816850589467,0.07610542180051426,estimated
4,overall__noninferiority_success_fraction,minimum_quality_floor,0.0641872321334861,0.018871475485517934,0.11779337040738506,0.01169382194611835,0.05360613827389897,estimated
5,overall__noninferiority_success_fraction,trend_window,0.0048628473271025785,0.007127015258649127,0.01447805303965784,0.0026961274457226363,0.009615205712555263,estimated
1,overall__quality_cvar90_normalized,min_epochs_floor,0.5650123908920061,0.04824502278177347,0.7361083713757449,0.051142652029635687,0.17109598048373886,estimated
2,overall__quality_cvar90_normalized,utility_quantile,0.13967968357151117,0.031029719890952417,0.27885317498816947,0.035583911085473055,0.1391734914166583,estimated
3,overall__quality_cvar90_normalized,noise_multiplier,0.05685954005873088,0.019273146884878706,0.12652042029593033,0.018382892462914212,0.06966088023719945,estimated
4,overall__quality_cvar90_normalized,minimum_quality_floor,0.031500105535772656,0.014336388177660378,0.06956149456772624,0.008083706586720842,0.03806138903195359,estimated
5,overall__quality_cvar90_normalized,trend_window,0.005377591948824254,0.010135171936271779,0.02698534289465882,0.0043180601960911905,0.02160775094583457,estimated
1,semantic_segmentation__bayesian_veto_rate,noise_multiplier,0.4262761349230313,0.08231715548172364,0.7957522865620079,0.11594961331762497,0.3694761516389766,estimated
2,semantic_segmentation__bayesian_veto_rate,utility_quantile,0.09686264147131458,0.04085804443744368,0.30576645266018215,0.0604757579495867,0.20890381118886758,estimated
3,semantic_segmentation__bayesian_veto_rate,trend_window,0.08343211457897069,0.03312803345646966,0.25306016741408494,0.04554620409067921,0.16962805283511423,estimated
4,semantic_segmentation__bayesian_veto_rate,min_epochs_floor,0.02634871411959508,0.023932688811824965,0.18063340104193806,0.04089430876116067,0.15428468692234298,estimated
5,semantic_segmentation__bayesian_veto_rate,minimum_quality_floor,0.0037668440575411278,0.01782426965382973,0.09989802135364245,0.03570944848228765,0.09613117729610132,estimated
1,semantic_segmentation__controller_runtime_ms_per_epoch,min_epochs_floor,0.3346607579381364,0.03915216270338092,0.4750798345876245,0.03530034840263876,0.1404190766494881,estimated
2,semantic_segmentation__controller_runtime_ms_per_epoch,utility_quantile,0.2699257856246013,0.037454262116002536,0.4074970630745392,0.040704925479336206,0.1375712774499379,estimated
3,semantic_segmentation__controller_runtime_ms_per_epoch,minimum_quality_floor,0.12279089185196397,0.027343419975589856,0.20439700150719722,0.019120071480837483,0.08160610965523325,estimated
4,semantic_segmentation__controller_runtime_ms_per_epoch,noise_multiplier,0.0737684312572512,0.01997376000615294,0.12839881868945624,0.019356673547027737,0.05463038743220504,estimated
5,semantic_segmentation__controller_runtime_ms_per_epoch,trend_window,0.013028147439087293,0.01040716434909493,0.02831268091764915,0.004855428351874045,0.015284533478561858,estimated
1,semantic_segmentation__energy_saving_q25,minimum_quality_floor,0.26658624412761733,0.04128940255561418,0.5290176081373704,0.05332495743063307,0.2624313640097531,estimated
2,semantic_segmentation__energy_saving_q25,min_epochs_floor,0.1731783000593184,0.03235858852736083,0.38400642901447035,0.03917592020724463,0.21082812895515196,estimated
3,semantic_segmentation__energy_saving_q25,utility_quantile,0.1523180213467786,0.02962160005635731,0.3621296224685486,0.04647533729499819,0.20981160112176997,estimated
4,semantic_segmentation__energy_saving_q25,noise_multiplier,0.0548308692020612,0.02145634567172214,0.13903868416719498,0.02589427442293087,0.08420781496513377,estimated
5,semantic_segmentation__energy_saving_q25,trend_window,0.002742814335618771,0.0056269769743678205,0.013527550429874358,0.003827743466819551,0.010784736094255586,estimated
1,semantic_segmentation__joint_success_fraction,min_epochs_floor,0.34435792445831936,0.04073593530264129,0.5693501010326653,0.042819136044221294,0.2249921765743459,estimated
2,semantic_segmentation__joint_success_fraction,utility_quantile,0.2530818503407047,0.036900360721283665,0.45508184844488264,0.041879034276364205,0.20199999810417796,estimated
3,semantic_segmentation__joint_success_fraction,minimum_quality_floor,0.1301152291431358,0.0246431058156869,0.1952697694506752,0.016204696510539168,0.0651545403075394,estimated
4,semantic_segmentation__joint_success_fraction,noise_multiplier,0.018988417947636258,0.017415369389008124,0.07634382774985406,0.013245827588859328,0.0573554098022178,estimated
5,semantic_segmentation__joint_success_fraction,trend_window,0.0014366097973788816,0.004974247562712946,0.0064060462732096176,0.0011734723855572659,0.004969436475830736,estimated
1,semantic_segmentation__mean_energy_saving_fraction,min_epochs_floor,0.3708558443005174,0.04259030840369228,0.5197858882645704,0.04299592776650119,0.14893004396405302,estimated
2,semantic_segmentation__mean_energy_saving_fraction,utility_quantile,0.24830207405572655,0.03288941262473883,0.3847905743959015,0.04040595703780859,0.13648850034017493,estimated
3,semantic_segmentation__mean_energy_saving_fraction,minimum_quality_floor,0.1100169064233818,0.024298702097362773,0.1918770839267153,0.018799338569194614,0.08186017750333349,estimated
4,semantic_segmentation__mean_energy_saving_fraction,noise_multiplier,0.0736579198384502,0.021044308545644087,0.13425164514288201,0.022113664230078246,0.060593725304431814,estimated
5,semantic_segmentation__mean_energy_saving_fraction,trend_window,0.0052481495182182866,0.00756061073087944,0.015911229414490195,0.0037990828442299833,0.010663079896271908,estimated
1,semantic_segmentation__mean_quality_regret_pp,min_epochs_floor,0.39976031891362784,0.04810217236879445,0.6550661146004442,0.05620193168587358,0.25530579568681633,estimated
2,semantic_segmentation__mean_quality_regret_pp,utility_quantile,0.1203021295891596,0.028202377210186147,0.30648273451808467,0.039654272207613264,0.18618060492892508,estimated
3,semantic_segmentation__mean_quality_regret_pp,minimum_quality_floor,0.10477564506489317,0.0296035580188598,0.2613474800514847,0.0317852734802298,0.15657183498659155,estimated
4,semantic_segmentation__mean_quality_regret_pp,noise_multiplier,0.057708811554148615,0.022298079732902047,0.14961874650304333,0.027454601711706203,0.09190993494889471,estimated
5,semantic_segmentation__mean_quality_regret_pp,trend_window,0.006369184440912359,0.00692868567866019,0.01617060639727958,0.003887760256292651,0.009801421956367223,estimated
1,semantic_segmentation__mean_stop_epoch,min_epochs_floor,0.3696486338456916,0.04017432754024933,0.5182178374473889,0.041442382205604006,0.14856920360169734,estimated
2,semantic_segmentation__mean_stop_epoch,utility_quantile,0.24927952051020927,0.034722668048175434,0.3856712283303274,0.04185399610860565,0.13639170782011814,estimated
3,semantic_segmentation__mean_stop_epoch,minimum_quality_floor,0.1106297170351267,0.024791039885372127,0.19258740597578214,0.017949961522997958,0.08195768894065544,estimated
4,semantic_segmentation__mean_stop_epoch,noise_multiplier,0.07355557543598121,0.020253566729608416,0.13397488659223059,0.0203840203015524,0.06041931115624938,estimated
5,semantic_segmentation__mean_stop_epoch,trend_window,0.00523235635823328,0.0075915132100860296,0.015916559947564777,0.0035904606442910885,0.010684203589331497,estimated
1,semantic_segmentation__mean_stop_epoch_fraction,min_epochs_floor,0.36964863384569263,0.040326629547590996,0.5182178374473901,0.04091333519976712,0.1485692036016975,estimated
2,semantic_segmentation__mean_stop_epoch_fraction,utility_quantile,0.24927952051020705,0.034115960860151506,0.3856712283303254,0.04190791499527445,0.13639170782011836,estimated
3,semantic_segmentation__mean_stop_epoch_fraction,minimum_quality_floor,0.11062971703512745,0.02419936019956768,0.19258740597578441,0.01752646414574136,0.08195768894065697,estimated
4,semantic_segmentation__mean_stop_epoch_fraction,noise_multiplier,0.07355557543598046,0.02135753812293265,0.13397488659222945,0.021350116302345134,0.06041931115624899,estimated
5,semantic_segmentation__mean_stop_epoch_fraction,trend_window,0.005232356358233411,0.007554100311815903,0.015916559947564666,0.003599749275642744,0.010684203589331254,estimated
1,semantic_segmentation__noninferiority_success_fraction,min_epochs_floor,0.5341155317116785,0.04780392783994133,0.7614482643511102,0.05963979250415291,0.22733273263943177,estimated
2,semantic_segmentation__noninferiority_success_fraction,utility_quantile,0.12207886277764948,0.02697091412833509,0.2880325579258146,0.03648781207555558,0.16595369514816513,estimated
3,semantic_segmentation__noninferiority_success_fraction,minimum_quality_floor,0.04433736246072275,0.021906728822922283,0.12838845622754402,0.015770193282455894,0.08405109376682127,estimated
4,semantic_segmentation__noninferiority_success_fraction,noise_multiplier,0.04524432341760497,0.019657624820441977,0.12292040633273318,0.022074328019286243,0.07767608291512822,estimated
5,semantic_segmentation__noninferiority_success_fraction,trend_window,0.003462895830569579,0.00604319888994751,0.011792540049757183,0.002426265151988868,0.008329644219187604,estimated
1,semantic_segmentation__quality_cvar90_normalized,min_epochs_floor,0.553895906257902,0.049354885839724374,0.7384407502209868,0.057045969963605093,0.1845448439630848,estimated
2,semantic_segmentation__quality_cvar90_normalized,utility_quantile,0.14030217995022518,0.02898181766638806,0.2810918201244133,0.04189679594409378,0.14078964017418813,estimated
3,semantic_segmentation__quality_cvar90_normalized,noise_multiplier,0.0476039028067371,0.019235342690623318,0.11340332143236,0.01770027420745819,0.0657994186256229,estimated
4,semantic_segmentation__quality_cvar90_normalized,minimum_quality_floor,0.03256583101839609,0.02643719727998288,0.09369570181422598,0.017784233571410447,0.0611298707958299,estimated
5,semantic_segmentation__quality_cvar90_normalized,trend_window,0.005818360758740243,0.008119699385611873,0.016803281553147198,0.004133006394782345,0.010984920794406956,estimated
