estimated_co2_kg,estimated_cost_eur,estimated_total_energy_kwh,job_id,pue,scenario,strategy,training_seed
0.005464754549105826,0.004098565911829369,0.013661886372764566,1,1.0,train128-scratch,full100,10
0.006557705458926991,0.004918279094195243,0.016394263647317477,1,1.2,train128-scratch,full100,10
0.007650656368748156,0.005737992276561117,0.01912664092187039,1,1.4,train128-scratch,full100,10
0.0059201020899401656,0.004440076567455124,0.014800255224850413,2,1.0,train128-scratch,conformal_energy_aware_controller,10
0.007104122507928199,0.005328091880946149,0.017760306269820496,2,1.2,train128-scratch,conformal_energy_aware_controller,10
0.008288142925916231,0.006216107194437173,0.020720357314790577,2,1.4,train128-scratch,conformal_energy_aware_controller,10
0.008004985494770323,0.006003739121077742,0.020012463736925806,3,1.0,train128-scratch,conformal_energy_aware_controller,11
0.009605982593724388,0.007204486945293289,0.024014956484310967,3,1.2,train128-scratch,conformal_energy_aware_controller,11
0.011206979692678452,0.008405234769508838,0.028017449231696127,3,1.4,train128-scratch,conformal_energy_aware_controller,11
0.005768348465970624,0.004326261349477967,0.014420871164926559,4,1.0,train128-scratch,full100,11
0.006922018159164748,0.00519151361937356,0.017305045397911868,4,1.2,train128-scratch,full100,11
0.008075687852358873,0.0060567658892691535,0.02018921963089718,4,1.4,train128-scratch,full100,11
0.005557274444668817,0.004167955833501612,0.01389318611167204,5,1.0,train256-pretrained,conformal_energy_aware_controller,10
0.006668729333602579,0.005001547000201933,0.016671823334006446,5,1.2,train256-pretrained,conformal_energy_aware_controller,10
0.0077801842225363425,0.005835138166902256,0.019450460556340855,5,1.4,train256-pretrained,conformal_energy_aware_controller,10
0.008041486499510878,0.006031114874633158,0.020103716248777194,6,1.0,train256-pretrained,full100,10
0.009649783799413053,0.00723733784955979,0.024124459498532633,6,1.2,train256-pretrained,full100,10
0.011258081099315228,0.00844356082448642,0.028145202748288068,6,1.4,train256-pretrained,full100,10
0.007776105736793536,0.005832079302595152,0.01944026434198384,7,1.0,train256-pretrained,full100,11
0.009331326884152244,0.006998495163114181,0.023328317210380606,7,1.2,train256-pretrained,full100,11
0.01088654803151095,0.008164911023633212,0.027216370078777374,7,1.4,train256-pretrained,full100,11
0.005971726268893075,0.004478794701669806,0.014929315672232686,8,1.0,train256-pretrained,conformal_energy_aware_controller,11
0.00716607152267169,0.005374553642003767,0.017915178806679224,8,1.2,train256-pretrained,conformal_energy_aware_controller,11
0.008360416776450304,0.006270312582337728,0.02090104194112576,8,1.4,train256-pretrained,conformal_energy_aware_controller,11
