backend,energy_saving_q25,maximum_quality_regret,mean_energy_saving_fraction,mean_quality_regret,median_energy_saving_fraction,minimum_noninferiority_probability,param_calibration_window,param_evidence_decay,param_evidence_stop_probability,param_horizons,param_minimum_calibration_points,param_minimum_observations_floor,param_model_window,param_numerical_quality_floor,param_posterior_samples,param_quality_noise_quantile,param_quality_risk_alpha,quality_constraint,quality_cvar90,stopped_fraction,trial_number
qnehvi-initial-sobol,0.0,0.0,0.0016562095682878392,0.0,0.0,1.0,40,0.5,0.95,"[1, 5, 10, 20]",8,10,60,1e-06,512,0.75,0.05,-0.050000000000000044,0.0,0.16666666666666666,0
qnehvi-initial-sobol,0.0,0.0,0.0,0.0,0.0,1.0,60,0.8999999999999999,0.99,"[1, 5, 10, 20]",16,10,80,1e-06,512,0.5,0.05,-0.050000000000000044,0.0,0.0,1
qnehvi-initial-sobol,0.00240337575473664,0.0035792382396390154,0.04634892401591904,0.0005965397066065026,0.01416950883074405,1.0,20,0.2,0.8,"[1, 5, 10, 20]",6,10,24,1e-06,512,0.9,0.25,-0.050000000000000044,0.1592044617920802,0.6666666666666666,2
qnehvi-initial-sobol,0.0,0.0,0.0050610214053388855,0.0,0.0,1.0,20,0.544522300362587,0.9173849099874497,"[1, 5, 10, 20]",13,10,56,1e-06,512,0.6910239815711975,0.2437251925468445,-0.050000000000000044,0.0,0.3333333333333333,3
qnehvi-initial-sobol,0.0,0.0,0.0,0.0,0.0,1.0,44,0.8644948065280913,0.8433780598640442,"[1, 5, 10, 20]",9,10,48,1e-06,512,0.7223214626312255,0.06568201631307602,-0.050000000000000044,0.0,0.0,4
qnehvi-initial-sobol,0.0,0.0,0.009824688727693117,0.0,0.0,1.0,40,0.5634912133216858,0.9829736918210983,"[1, 5, 10, 20]",14,10,32,1e-06,512,0.8843197584152223,0.15824490785598755,-0.050000000000000044,0.0,0.3333333333333333,5
qnehvi-initial-sobol,0.0,0.0,0.009691100548178356,0.0,0.0,1.0,56,0.2275557354092598,0.8614722833037377,"[1, 5, 10, 20]",7,10,76,1e-06,512,0.5031160458922386,0.13235093355178834,-0.050000000000000044,0.0,0.3333333333333333,6
qnehvi-initial-sobol,0.0,0.0,0.0016562095682878392,0.0,0.0,1.0,48,0.3941248744726181,0.9547331154346466,"[1, 5, 10, 20]",15,10,68,1e-06,512,0.5543341040611267,0.11774162650108339,-0.050000000000000044,0.0,0.16666666666666666,7
qnehvi-initial-sobol,0.0,0.0,0.0,0.0,0.0,1.0,28,0.7468994081020355,0.8861883184313775,"[1, 5, 10, 20]",6,10,32,1e-06,512,0.8356346845626832,0.19165309667587282,-0.050000000000000044,0.0,0.0,8
qnehvi-initial-sobol,0.0,0.0,0.0,0.0,0.0,1.0,52,0.7248154997825622,0.9371968972682954,"[1, 5, 10, 20]",12,10,40,1e-06,512,0.7710064888000489,0.0842284768819809,-0.050000000000000044,0.0,0.0,9
qnehvi-initial-sobol,0.0,1.4342977089354392e-05,0.019657740719259034,2.3904961815590653e-06,0.009532743528497757,1.0,36,0.33418161123991014,0.8211575418710709,"[1, 5, 10, 20]",11,10,60,1e-06,512,0.6398059725761414,0.2063798546791077,-0.050000000000000044,0.0018116434070652306,0.5,10
qnehvi-initial-sobol,0.0,0.0,0.009824688727693117,0.0,0.0,1.0,56,0.2859187565743923,0.9478645968437195,"[1, 5, 10, 20]",14,10,64,1e-06,512,0.739202332496643,0.17671513557434082,-0.050000000000000044,0.0,0.3333333333333333,11
qnehvi-initial-sobol,0.0,0.0,0.0,0.0,0.0,1.0,32,0.5980996906757354,0.873759191930294,"[1, 5, 10, 20]",8,10,44,1e-06,512,0.6704990983009338,0.10143873691558838,-0.050000000000000044,0.0,0.0,12
qnehvi-initial-sobol,0.0,0.0,0.0,0.0,0.0,1.0,48,0.8302284598350524,0.930332727432251,"[1, 5, 10, 20]",13,10,36,1e-06,512,0.5353592991828918,0.22443976402282717,-0.050000000000000044,0.0,0.0,13
qnehvi-initial-sobol,0.0,1.4342977089354392e-05,0.016480159543093117,2.3904961815590653e-06,0.0,1.0,28,0.48581716418266296,0.8087211660295726,"[1, 5, 10, 20]",9,10,72,1e-06,512,0.8541580200195313,0.09740331172943116,-0.050000000000000044,0.0018116434070652306,0.3333333333333333,14
qnehvi-initial-sobol,0.0,1.4342977089354392e-05,0.014776701846713444,2.3904961815590653e-06,0.0,1.0,36,0.29957347810268403,0.901983454823494,"[1, 5, 10, 20]",11,10,76,1e-06,512,0.8024516582489014,0.052686494775116444,-0.050000000000000044,0.0018116434070652306,0.3333333333333333,15
qnehvi-initial-sobol,0.0,0.0,0.0,0.0,0.0,1.0,60,0.6664521396160126,0.8335488092899322,"[1, 5, 10, 20]",10,10,24,1e-06,512,0.5837514281272889,0.2254554510116577,-0.050000000000000044,0.0,0.0,16
qnehvi-initial-sobol,0.0,0.0,0.0,0.0,0.0,1.0,24,0.8056042313575744,0.9675765854120255,"[1, 5, 10, 20]",15,10,48,1e-06,512,0.6221070170402527,0.14846839904785158,-0.050000000000000044,0.0,0.0,17
qnehvi-initial-sobol,0.0,1.4342977089354392e-05,0.019789976952194453,2.3904961815590653e-06,0.004780195658254032,1.0,40,0.4283915340900421,0.851635784804821,"[1, 5, 10, 20]",7,10,52,1e-06,512,0.7909086465835571,0.17338659763336184,-0.050000000000000044,0.0018116434070652306,0.5,18
qnehvi-initial-sobol,0.0,0.0,0.0,0.0,0.0,1.0,32,0.6416304767131805,0.8377014370262623,"[1, 5, 10, 20]",16,10,56,1e-06,512,0.5221903949975968,0.07688615620136262,-0.050000000000000044,0.0,0.0,19
qnehvi-initial-sobol,0.01249877007449661,8.662783670732033e-05,0.035920907251948325,1.4437972784553388e-05,0.028464589025696665,1.0,52,0.3298666134476662,0.911766431927681,"[1, 5, 10, 20]",7,10,44,1e-06,512,0.8909902572631836,0.20121917724609378,-0.050000000000000044,0.010941853163498598,0.8333333333333334,20
qnehvi-initial-sobol,0.0,0.0,0.0016562095682878392,0.0,0.0,1.0,28,0.44219022691249843,0.8671140113472939,"[1, 5, 10, 20]",11,10,28,1e-06,512,0.702368187904358,0.12426874041557312,-0.050000000000000044,0.0,0.16666666666666666,21
qnehvi-initial-sobol,0.0,0.0,0.0,0.0,0.0,1.0,44,0.7863340139389037,0.9886735731363296,"[1, 5, 10, 20]",10,10,72,1e-06,512,0.683669912815094,0.19762287139892581,-0.050000000000000044,0.0,0.0,22
qnehvi-initial-sobol,0.0,0.0,0.0016562095682878392,0.0,0.0,1.0,60,0.6224941074848175,0.8924910119175911,"[1, 5, 10, 20]",12,10,68,1e-06,512,0.6354792475700378,0.15246660709381105,-0.050000000000000044,0.0,0.16666666666666666,23
qnehvi-initial-sobol,0.0,0.0,0.008260445960601683,0.0,0.0,1.0,36,0.25605286210775374,0.9608852446079255,"[1, 5, 10, 20]",9,10,36,1e-06,512,0.754275918006897,0.1256262302398682,-0.050000000000000044,0.0,0.16666666666666666,24
qnehvi-initial-sobol,0.002605797137953741,8.662783670732033e-05,0.02802544871683862,1.4437972784553388e-05,0.01474433780440524,1.0,40,0.47227481901645657,0.8150285862386227,"[1, 5, 10, 20]",14,10,44,1e-06,512,0.8390824794769287,0.24868829250335694,-0.050000000000000044,0.010941853163498598,0.6666666666666666,25
qnehvi-initial-sobol,0.0,0.0,0.0,0.0,0.0,1.0,24,0.8492423295974731,0.9309173858165741,"[1, 5, 10, 20]",8,10,64,1e-06,512,0.570381098985672,0.07321581989526749,-0.050000000000000044,0.0,0.0,26
qnehvi-initial-sobol,0.0,0.0,0.0,0.0,0.0,1.0,44,0.7334424912929534,0.8800619307160378,"[1, 5, 10, 20]",12,10,60,1e-06,512,0.8709234952926637,0.14350531697273256,-0.050000000000000044,0.0,0.0,27
qnehvi-initial-sobol,0.0,0.0,0.0016562095682878392,0.0,0.0,1.0,20,0.4130532741546631,0.9540167713165283,"[1, 5, 10, 20]",10,10,40,1e-06,512,0.5397239774465561,0.16585277318954467,-0.050000000000000044,0.0,0.16666666666666666,28
qnehvi-initial-sobol,0.0,0.0,0.0066045601780430905,0.0,0.0,1.0,56,0.35866144597530364,0.8025922562275082,"[1, 5, 10, 20]",15,10,32,1e-06,512,0.6544171929359436,0.05846478268504143,-0.050000000000000044,0.0,0.16666666666666666,29
qnehvi-initial-sobol,0.0,0.0,0.0016562095682878392,0.0,0.0,1.0,40,0.6948641300201416,0.9240532612800598,"[1, 5, 10, 20]",6,10,68,1e-06,512,0.7357165813446045,0.2321801781654358,-0.050000000000000044,0.0,0.16666666666666666,30
qnehvi-initial-sobol,0.0,0.0,0.0,0.0,0.0,1.0,24,0.8783789694309234,0.8278721411526203,"[1, 5, 10, 20]",14,10,80,1e-06,512,0.7842001914978027,0.21791266202926635,-0.050000000000000044,0.0,0.0,31
qnehvi,0.0,8.662783670732033e-05,0.027867653642843906,1.4437972784553388e-05,0.014328788353937728,1.0,56,0.28693176084276983,0.9337472296004634,"[1, 5, 10, 20]",7,10,44,1e-06,512,0.9,0.10740883618784071,-0.050000000000000044,0.010941853163498598,0.5,32
qnehvi,0.0,0.0,0.0,0.0,0.0,1.0,60,0.7812798816108191,0.9022932584081349,"[1, 5, 10, 20]",6,10,48,1e-06,512,0.9,0.20585513527286953,-0.050000000000000044,0.0,0.0,33
qnehvi,0.0,1.4342977089354392e-05,0.01811024613996153,2.3904961815590653e-06,0.0,1.0,40,0.28871204180594007,0.99,"[1, 5, 10, 20]",10,10,48,1e-06,512,0.9,0.20537896185775556,-0.050000000000000044,0.0018116434070652306,0.3333333333333333,34
qnehvi,0.0,0.0,0.004961948828972846,0.0,0.0,1.0,44,0.31393603484382016,0.9088966222548137,"[1, 5, 10, 20]",6,10,60,1e-06,512,0.5160978704100567,0.1999785376935399,-0.050000000000000044,0.0,0.16666666666666666,35
qnehvi,0.002605797137953741,8.662783670732033e-05,0.02791890270626488,1.4437972784553388e-05,0.024313425980333377,1.0,48,0.3999997138342358,0.9141987510982794,"[1, 5, 10, 20]",6,10,80,1e-06,512,0.8671987755356869,0.19648916772401348,-0.050000000000000044,0.010941853163498598,0.6666666666666666,36
qnehvi,0.0,1.4342977089354392e-05,0.019657740719259034,2.3904961815590653e-06,0.009532743528497757,1.0,52,0.34510481799273474,0.9123142707712377,"[1, 5, 10, 20]",7,10,44,1e-06,512,0.7827772134880759,0.19507417190586507,-0.050000000000000044,0.0018116434070652306,0.5,37
qnehvi,0.0,1.4342977089354392e-05,0.01643063347325619,2.3904961815590653e-06,0.004780195658254032,1.0,52,0.5855683625037484,0.942900946857893,"[1, 5, 10, 20]",7,10,48,1e-06,512,0.8872713325074812,0.19978974758924017,-0.050000000000000044,0.0018116434070652306,0.5,38
qnehvi,0.0,0.0,0.0016562095682878392,0.0,0.0,1.0,60,0.4043534256744541,0.805283691784394,"[1, 5, 10, 20]",16,10,68,1e-06,512,0.5389420491723584,0.05,-0.050000000000000044,0.0,0.16666666666666666,39
qnehvi,0.0,0.0,0.0,0.0,0.0,1.0,44,0.3284973976135478,0.9662980026519253,"[1, 5, 10, 20]",7,10,48,1e-06,512,0.884161590813326,0.05,-0.050000000000000044,0.0,0.0,40
qnehvi,0.002390097829127016,8.662783670732033e-05,0.02314502402420759,1.4437972784553388e-05,0.009991789934161513,1.0,52,0.32742050982163645,0.9524180725743933,"[1, 5, 10, 20]",7,10,52,1e-06,512,0.8746839699673248,0.18118507828240815,-0.050000000000000044,0.010941853163498598,0.6666666666666666,41
qnehvi,0.0,0.0,0.0,0.0,0.0,1.0,24,0.4860910814739044,0.99,"[1, 5, 10, 20]",16,10,76,1e-06,512,0.5,0.05,-0.050000000000000044,0.0,0.0,42
qnehvi,0.0,0.0,0.0,0.0,0.0,1.0,40,0.31600840195280294,0.99,"[1, 5, 10, 20]",6,10,24,1e-06,512,0.6973281521149928,0.05,-0.050000000000000044,0.0,0.0,43
qnehvi,0.002390097829127016,8.662783670732033e-05,0.028088142975266545,1.4437972784553388e-05,0.009991789934161513,1.0,40,0.299215466387742,0.9107876159653839,"[1, 5, 10, 20]",8,10,44,1e-06,512,0.8905297211929009,0.1996901774267439,-0.050000000000000044,0.010941853163498598,0.6666666666666666,44
qnehvi,0.0,0.0,0.0033238233133697243,0.0,0.0,1.0,20,0.34429064546702015,0.8723972690947672,"[1, 5, 10, 20]",16,10,52,1e-06,512,0.6268205462703282,0.05,-0.050000000000000044,0.0,0.16666666666666666,45
qnehvi,0.0,0.0,0.004961948828972846,0.0,0.0,1.0,60,0.4191963296061928,0.8458519134511275,"[1, 5, 10, 20]",15,10,32,1e-06,512,0.5574221057279817,0.1546370408513042,-0.050000000000000044,0.0,0.16666666666666666,46
qnehvi,0.0,0.0,0.0,0.0,0.0,1.0,24,0.8999999999999999,0.9762712439940875,"[1, 5, 10, 20]",6,10,32,1e-06,512,0.8846266487267432,0.05,-0.050000000000000044,0.0,0.0,47
qnehvi,0.0,0.0,0.0065449088769964185,0.0,0.0,1.0,52,0.6117837683181064,0.9108432809394873,"[1, 5, 10, 20]",9,10,52,1e-06,512,0.7935736811389242,0.2014088786245521,-0.050000000000000044,0.0,0.3333333333333333,48
qnehvi,0.0,8.662783670732033e-05,0.024590690164132994,1.4437972784553388e-05,0.014328788353937728,1.0,44,0.4695069945097388,0.8174484401677884,"[1, 5, 10, 20]",16,10,68,1e-06,512,0.8375884512271989,0.2482183586674967,-0.050000000000000044,0.010941853163498598,0.5,49
qnehvi,0.0,0.0,0.004961948828972846,0.0,0.0,1.0,20,0.5260514417185482,0.8,"[1, 5, 10, 20]",16,10,80,1e-06,512,0.6289818418101708,0.05,-0.050000000000000044,0.0,0.16666666666666666,50
qnehvi,0.0,0.0,0.0,0.0,0.0,1.0,44,0.2,0.99,"[1, 5, 10, 20]",12,10,48,1e-06,512,0.6657408155262582,0.05,-0.050000000000000044,0.0,0.0,51
qnehvi,0.0,0.0,0.0016562095682878392,0.0,0.0,1.0,28,0.6891872516957995,0.9247997446659542,"[1, 5, 10, 20]",10,10,80,1e-06,512,0.9,0.05,-0.050000000000000044,0.0,0.16666666666666666,52
qnehvi,0.0,0.0,0.0,0.0,0.0,1.0,36,0.4762152367289346,0.99,"[1, 5, 10, 20]",13,10,80,1e-06,512,0.8148860548645092,0.05,-0.050000000000000044,0.0,0.0,53
qnehvi,0.0,1.4342977089354392e-05,0.006566526994650233,2.3904961815590653e-06,0.0,1.0,28,0.5417242872591332,0.8569792364852229,"[1, 5, 10, 20]",16,10,80,1e-06,512,0.5,0.23327765829069042,-0.050000000000000044,0.0018116434070652306,0.3333333333333333,54
qnehvi,0.03332569879838509,0.0040399999999999325,0.056771780342718965,0.0006877713061178755,0.0571281082977238,1.0,60,0.2,0.8033661294649768,"[1, 5, 10, 20]",6,10,24,1e-06,512,0.9,0.25,-0.050000000000000044,0.11261795555268532,1.0,55
qnehvi,0.059683129298814905,0.0040399999999999325,0.06355233614823876,0.0008677713061178705,0.07247992371963907,1.0,60,0.2,0.8305955604985351,"[1, 5, 10, 20]",8,10,80,1e-06,512,0.9,0.25,-0.050000000000000044,0.11674585053627443,1.0,56
qnehvi,0.007164394176968864,0.0010799999999999699,0.03769923441966732,0.00019443797278454836,0.04422049932488179,1.0,60,0.516117185355466,0.8,"[1, 5, 10, 20]",10,10,80,1e-06,512,0.9,0.25,-0.050000000000000044,0.11674585053627443,0.6666666666666666,57
qnehvi,0.008891324065048022,8.662783670732033e-05,0.032472781527618975,1.4437972784553388e-05,0.028759503780249527,1.0,60,0.2,0.9590917206104849,"[1, 5, 10, 20]",6,10,80,1e-06,512,0.9,0.25,-0.050000000000000044,0.010941853163498598,0.8333333333333334,58
qnehvi,0.059683129298814905,0.0040399999999999325,0.05859163075748757,0.0008677713061178705,0.06756035814802303,1.0,60,0.2,0.8268923414526438,"[1, 5, 10, 20]",16,10,76,1e-06,512,0.9,0.21023505596724829,-0.050000000000000044,0.11674585053627443,1.0,59
qnehvi,0.0,0.0,0.0,0.0,0.0,1.0,44,0.8999999999999999,0.8,"[1, 5, 10, 20]",16,10,24,1e-06,512,0.5,0.22916050691321238,-0.050000000000000044,0.0,0.0,60
qnehvi,0.008878046139438397,1.4342977089354392e-05,0.024599027932212334,2.3904961815590653e-06,0.009991789934161513,1.0,44,0.2,0.8024618869027037,"[1, 5, 10, 20]",16,10,80,1e-06,512,0.9,0.05,-0.050000000000000044,0.0018116434070652306,0.8333333333333334,61
qnehvi,0.057785421682599994,0.0040399999999999325,0.05848473790287089,0.0008677713061178705,0.06255529682146528,1.0,56,0.2,0.8825816070375524,"[1, 5, 10, 20]",16,10,76,1e-06,512,0.9,0.25,-0.050000000000000044,0.11674585053627443,0.8333333333333334,62
qnehvi,0.057785421682599994,0.0040399999999999325,0.055186078889999164,0.0008677713061178705,0.06255529682146528,1.0,60,0.2,0.8894707913358133,"[1, 5, 10, 20]",6,10,76,1e-06,512,0.9,0.24175576228606427,-0.050000000000000044,0.11674585053627443,0.8333333333333334,63
qnehvi,0.0,8.662783670732033e-05,0.021444513976355495,1.4437972784553388e-05,0.0,1.0,60,0.2,0.856693630576026,"[1, 5, 10, 20]",16,10,80,1e-06,512,0.9,0.05702987613953261,-0.050000000000000044,0.010941853163498598,0.3333333333333333,64
qnehvi,0.008891324065048022,8.662783670732033e-05,0.03073175342974351,1.4437972784553388e-05,0.02958808939127833,1.0,48,0.2,0.8393203517827663,"[1, 5, 10, 20]",16,10,68,1e-06,512,0.7010970026440361,0.24559867902708488,-0.050000000000000044,0.010941853163498598,0.8333333333333334,65
qnehvi,0.059683129298814905,0.0040399999999999325,0.06694312956872278,0.0008677713061178705,0.06756035814802303,1.0,44,0.2,0.8382608484639469,"[1, 5, 10, 20]",16,10,80,1e-06,512,0.9,0.23724581629351732,-0.050000000000000044,0.11674585053627443,1.0,66
qnehvi,0.043284671020532905,0.0040399999999999325,0.05516064547525266,0.0006877713061178755,0.06190565688384164,1.0,60,0.2,0.8490992807515371,"[1, 5, 10, 20]",16,10,48,1e-06,512,0.9,0.2462646794798667,-0.050000000000000044,0.11261795555268532,1.0,67
qnehvi,0.021575277692656963,0.0010799999999999699,0.04408519880550311,0.00019443797278454836,0.058281872024411284,1.0,60,0.2,0.8568295902588234,"[1, 5, 10, 20]",16,10,80,1e-06,512,0.8158950195942769,0.22615461887747562,-0.050000000000000044,0.11674585053627443,0.8333333333333334,68
qnehvi,0.014365150428447045,0.0010799999999999699,0.04412982518418785,0.00019443797278454836,0.06311530297796956,1.0,60,0.2,0.8518715983582541,"[1, 5, 10, 20]",6,10,80,1e-06,512,0.9,0.1585954727137308,-0.050000000000000044,0.11674585053627443,0.6666666666666666,69
qnehvi,0.0,1.4342977089354392e-05,0.011514877604405484,2.3904961815590653e-06,0.0,1.0,40,0.6310322522308986,0.8284954265270377,"[1, 5, 10, 20]",16,10,24,1e-06,512,0.709283647258684,0.25,-0.050000000000000044,0.0018116434070652306,0.3333333333333333,70
qnehvi,0.0,1.4342977089354392e-05,0.014776701846713444,2.3904961815590653e-06,0.0,1.0,44,0.4317384952932318,0.8241838680446515,"[1, 5, 10, 20]",16,10,24,1e-06,512,0.9,0.05,-0.050000000000000044,0.0018116434070652306,0.3333333333333333,71
