combined_score,energy_mu_star,energy_sigma,parameter,quality_mu_star,quality_sigma
1.0,0.12291135706347302,0.1856392725453222,patience,3.2858865829354573,5.557344620647587
1.0,0.17823167604521656,0.3218374117166585,trend_window,2.2427424062251777,4.71394091156054
0.8228284917593542,0.105088781954105,0.2282173337895995,min_epochs_floor,2.7037211011290805,6.510591478590172
0.8205612250476747,0.09350595960874808,0.2212110955863194,utility_quantile,2.696271119861237,6.620505821561668
0.7736575206573375,0.13789027659174402,0.3265977111963627,horizon_epochs,2.3414526932829784,4.689910631440897
0.34747578786026945,0.015594098745446285,0.019994394791007307,noise_multiplier,1.1417660292249867,1.403350346775448
0.2834069463594691,0.050512095052504966,0.09909071648974026,warmup_noise_stability_ratio,0.7504928306138257,1.3544632480865098
0.1556508191874956,0.006464042449523006,0.016597958716759148,remaining_room_fraction,0.5114509383911047,1.2383882771729673
0.12722931315322658,0.010241614611472284,0.02896766056828512,warmup_signal_to_noise_ratio,0.4180610930462809,0.87199012259599
0.09452003330931291,0.007811324064743546,0.01878440101004568,bootstrap_samples,0.3105821092696838,0.8784588623192588
0.04152562044744673,0.007401180931165947,0.014684331286526152,max_probability_gain_gt_threshold,0.00037742570980525637,0.0010675211151897712
0.03589771188832196,0.006398109356043919,0.018096586049727,warmup_required_stable_windows,0.09257712234710452,0.19799457387436142
0.027683448939657046,0.004934067503227248,0.013955650361456658,late_stage_relaxation,0.00037742570980525637,0.0010675211151897712
0.0,0.0,0.0,min_fit_points,0.0,0.0
0.0,0.0,0.0,knn_neighbors,0.0,0.0
0.0,0.0,0.0,max_uncertainty_to_gain_ratio,0.0,0.0
0.0,0.0,0.0,recent_gain_fraction,0.0,0.0
0.0,0.0,0.0,min_meaningful_gain,0.0,0.0
