stage,scenario,training_seed,reference_job_id,stop_epoch,full_job_energy_wh,replayed_job_energy_wh,energy_saving_pct,full_best_map50_95_pct,stop_best_map50_95_pct,quality_regret_pp,target_met,quality_conflict,stop_reason
A,train128-scratch,0,1,76,14.592062813,11.447400323,21.5505,71.506,69.719,1.787,True,True,"generalized_energy_guard_stop[map50_95]: trigger=projection, epoch=76, projected_saving_pct=21.444, target_saving_pct=20.000, quality_conflict=1"
A,train128-scratch,1,4,76,14.747700647,11.573320447,21.524577,71.117,69.361,1.756,True,True,"generalized_energy_guard_stop[map50_95]: trigger=projection, epoch=76, projected_saving_pct=21.473, target_saving_pct=20.000, quality_conflict=1"
A,train128-scratch,2,5,76,14.451196545,11.307550617,21.753534,70.978,68.725,2.253,True,True,"generalized_energy_guard_stop[map50_95]: trigger=projection, epoch=76, projected_saving_pct=21.673, target_saving_pct=20.000, quality_conflict=1"
A,train128-scratch,3,8,76,14.469443386,11.327174472,21.716585,71.716,69.447,2.269,True,True,"generalized_energy_guard_stop[map50_95]: trigger=projection, epoch=76, projected_saving_pct=21.493, target_saving_pct=20.000, quality_conflict=1"
A,train128-scratch,4,9,76,14.731215657,11.54453088,21.632191,71.068,68.74,2.328,True,True,"generalized_energy_guard_stop[map50_95]: trigger=projection, epoch=76, projected_saving_pct=21.121, target_saving_pct=20.000, quality_conflict=1"
B,train128-scratch-yolov8n,0,1,76,14.692626871,11.509657276,21.66372,71.506,69.719,1.787,True,True,"generalized_energy_guard_stop[map50_95]: trigger=projection, epoch=76, projected_saving_pct=21.437, target_saving_pct=20.000, quality_conflict=1"
B,train256-scratch-yolov8n,0,4,77,20.387774918,16.05782195,21.237987,78.225,76.811,1.414,True,False,"generalized_energy_guard_stop[map50_95]: trigger=projection, epoch=77, projected_saving_pct=21.306, target_saving_pct=20.000, quality_conflict=0"
B,trainfull-scratch-yolov8n,0,5,77,43.991160631,34.311582775,22.003461,84.617,84.134,0.483,True,False,"generalized_energy_guard_stop[map50_95]: trigger=projection, epoch=77, projected_saving_pct=21.896, target_saving_pct=20.000, quality_conflict=0"
B,train128-pretrained-yolov8n,0,8,76,14.890125365,11.689893605,21.492309,82.608,82.219,0.389,True,False,"generalized_energy_guard_stop[map50_95]: trigger=projection, epoch=76, projected_saving_pct=20.580, target_saving_pct=20.000, quality_conflict=0"
B,train256-pretrained-yolov8n,0,9,76,20.799834105,16.21295183,22.052495,84.698,84.083,0.615,True,False,"generalized_energy_guard_stop[map50_95]: trigger=projection, epoch=76, projected_saving_pct=21.899, target_saving_pct=20.000, quality_conflict=0"
B,trainfull-pretrained-yolov8n,0,12,77,43.958630116,34.253824852,22.077133,87.166,86.579,0.587,True,False,"generalized_energy_guard_stop[map50_95]: trigger=fallback, epoch=77, projected_saving_pct=22.078, target_saving_pct=20.000, quality_conflict=0"
B,train256-pretrained-yolov8s,0,13,77,22.549449413,17.615733739,21.879539,86.49,86.218,0.272,True,False,"generalized_energy_guard_stop[map50_95]: trigger=projection, epoch=77, projected_saving_pct=20.998, target_saving_pct=20.000, quality_conflict=0"
