job_id,scenario,training_seed,oracle_stop_epoch,controller_stop_epoch,stop_epoch_error,final_best_map50_95,stop_best_map50_95,regret_at_stop,stop_reason
13,train128-scratch,2,79,88,9,0.71501,0.70679,0.008220000000000005,"conformal_energy_stop[map50_95]: gain_upper=0.012032, regret_tolerance=0.015000, future_efficiency=0.039943, efficiency_threshold=0.050000, interval_width=0.038442, quality=0.706790"
24,train128-scratch,3,76,87,11,0.70915,0.70235,0.006799999999999917,"conformal_energy_stop[map50_95]: gain_upper=0.013501, regret_tolerance=0.015000, future_efficiency=0.045684, efficiency_threshold=0.050000, interval_width=0.016899, quality=0.702350"
28,train128-scratch,4,79,100,21,0.71501,0.71501,0.0,target_epoch_reached
35,train256-pretrained,0,58,64,6,0.844,0.83197,0.012029999999999985,"conformal_energy_stop[map50_95]: gain_upper=0.011794, regret_tolerance=0.015000, future_efficiency=0.008101, efficiency_threshold=0.050000, interval_width=0.013618, quality=0.831970"
40,train256-pretrained,1,58,64,6,0.844,0.83197,0.012029999999999985,"conformal_energy_stop[map50_95]: gain_upper=0.011794, regret_tolerance=0.015000, future_efficiency=0.007643, efficiency_threshold=0.050000, interval_width=0.013618, quality=0.831970"
44,train256-pretrained,2,58,64,6,0.844,0.83197,0.012029999999999985,"conformal_energy_stop[map50_95]: gain_upper=0.011794, regret_tolerance=0.015000, future_efficiency=0.008331, efficiency_threshold=0.050000, interval_width=0.013618, quality=0.831970"
5,train128-scratch,0,79,88,9,0.71501,0.70679,0.008220000000000005,"conformal_energy_stop[map50_95]: gain_upper=0.012032, regret_tolerance=0.015000, future_efficiency=0.038333, efficiency_threshold=0.050000, interval_width=0.038442, quality=0.706790"
54,train256-pretrained,3,58,64,6,0.844,0.83197,0.012029999999999985,"conformal_energy_stop[map50_95]: gain_upper=0.011794, regret_tolerance=0.015000, future_efficiency=0.007853, efficiency_threshold=0.050000, interval_width=0.013618, quality=0.831970"
59,train256-pretrained,4,58,64,6,0.844,0.83197,0.012029999999999985,"conformal_energy_stop[map50_95]: gain_upper=0.011794, regret_tolerance=0.015000, future_efficiency=0.007533, efficiency_threshold=0.050000, interval_width=0.013618, quality=0.831970"
9,train128-scratch,1,79,88,9,0.71501,0.70679,0.008220000000000005,"conformal_energy_stop[map50_95]: gain_upper=0.012032, regret_tolerance=0.015000, future_efficiency=0.039254, efficiency_threshold=0.050000, interval_width=0.038442, quality=0.706790"
