backend,energy_saving_q25,maximum_quality_regret,mean_energy_saving_fraction,mean_quality_regret,median_energy_saving_fraction,minimum_noninferiority_probability,param_bayesian_confirmation_patience,param_bayesian_min_observations,param_bayesian_prior_alpha,param_bayesian_prior_strength,param_bayesian_probability_limit,param_bayesian_samples,param_bayesian_window,param_bootstrap_samples,param_horizon_epochs,param_knn_neighbors,param_late_stage_relaxation,param_max_probability_gain_gt_threshold,param_max_uncertainty_to_gain_ratio,param_min_epochs_floor,param_min_fit_points,param_min_meaningful_gain,param_minimum_quality_floor,param_noise_multiplier,param_patience,param_recent_gain_fraction,param_remaining_room_fraction,param_trend_window,param_utility_quantile,quality_constraint,quality_cvar90,stopped_fraction,trial_number
qnehvi-initial-sobol,0.33390431180773517,0.16340000000000005,0.4150718673919925,0.05803499999999998,0.46611195656869947,0.0,1,8,2.0,0.5,0.35,512,20,96,5,9,0.55,0.25,4.0,12,10,0.0001,0.0,1.25,3,0.35,0.015,10,0.25,0.95,6.924251229153804,0.8333333333333334,0
qnehvi-initial-sobol,0.0,0.0,0.0,0.0,0.0,1.0,1,8,2.0,0.5,0.35,512,20,96,5,9,0.55,0.25,4.0,97,10,0.0001,0.7,0.25,3,0.35,0.015,10,0.01,-0.050000000000000044,0.0,0.0,1
qnehvi-initial-sobol,0.6297229105958471,0.17620000000000002,0.638429467556435,0.09794333333333331,0.6356664809168986,0.0,1,8,2.0,0.5,0.35,512,20,96,5,9,0.55,0.25,4.0,12,10,0.0001,0.0,4.0,3,0.35,0.015,10,0.75,0.95,13.536421670842282,1.0,2
qnehvi-initial-sobol,0.0,0.004830000000000001,0.08174832395935351,0.0021966666666666432,0.03317535602694755,0.0,1,8,2.0,0.5,0.35,512,20,96,5,9,0.55,0.25,4.0,74,10,0.0001,0.1798733592033386,3.703340530395508,3,0.35,0.015,10,0.10117930203676223,0.95,1.5931725123246676,0.5,3
qnehvi-initial-sobol,0.38388185568888505,0.16340000000000005,0.4984267851889785,0.07195999999999998,0.5466259066935011,0.0,1,8,2.0,0.5,0.35,512,20,96,5,9,0.55,0.25,4.0,32,10,0.0001,0.38760620951652525,1.2981375455856323,3,0.35,0.015,10,0.44283589601516726,0.95,6.924251229153804,1.0,4
qnehvi-initial-sobol,0.363896542814199,0.08360000000000001,0.3443156988882423,0.036686666666666645,0.4079801660465179,0.0,1,8,2.0,0.5,0.35,512,20,96,5,9,0.55,0.25,4.0,52,10,0.0001,0.06392856910824775,2.829823285341263,3,0.35,0.015,10,0.3101254832744598,0.95,5.736899626746903,0.8333333333333334,5
qnehvi-initial-sobol,0.0,0.0,0.0,0.0,0.0,1.0,1,8,2.0,0.5,0.35,512,20,96,5,9,0.55,0.25,4.0,92,10,0.0001,0.5999564886093139,0.66288279928267,3,0.35,0.015,10,0.6976543521881103,-0.050000000000000044,0.0,0.0,6
qnehvi-initial-sobol,0.0,0.0038399999999999546,0.023026459555125778,0.0006399999999999925,0.0,1.0,1,8,2.0,0.5,0.35,512,20,96,5,9,0.55,0.25,4.0,77,10,0.0001,0.6513734281063079,1.8851574286818504,3,0.35,0.015,10,0.26983131051063536,-0.050000000000000044,0.4150963574623157,0.3333333333333333,7
qnehvi-initial-sobol,0.6277213326984443,0.16340000000000005,0.6284303497763897,0.09331,0.6281855968790113,0.0,1,8,2.0,0.5,0.35,512,20,96,5,9,0.55,0.25,4.0,35,10,0.0001,0.09365233331918715,3.1148267686367035,3,0.35,0.015,10,0.6223250246047973,0.95,12.723201362927131,1.0,8
qnehvi-initial-sobol,0.0,0.0038399999999999546,0.019766070911478733,0.0006399999999999925,0.0,1.0,1,8,2.0,0.5,0.35,512,20,96,5,9,0.55,0.25,4.0,17,10,0.0001,0.5048138737678528,1.0118537545204163,3,0.35,0.015,10,0.10751285433769225,-0.050000000000000044,0.4150963574623157,0.16666666666666666,9
qnehvi-initial-sobol,0.3895487889366199,0.1089,0.39784296258694435,0.05494166666666666,0.402115225265117,0.0,1,8,2.0,0.5,0.35,512,20,96,5,9,0.55,0.25,4.0,57,10,0.0001,0.31879572272300716,2.4793278574943542,3,0.35,0.015,10,0.5058788323402404,0.95,5.252474132123341,1.0,10
qnehvi-initial-sobol,0.0,0.00873999999999997,0.06860865327143599,0.002129999999999984,0.0,0.0,1,8,2.0,0.5,0.35,512,20,96,5,9,0.55,0.25,4.0,65,10,0.0001,0.13545783162117003,0.913935299962759,3,0.35,0.015,10,0.3604341393709183,0.95,3.230702495990206,0.3333333333333333,11
qnehvi-initial-sobol,0.0,0.07140000000000002,0.2534585562946685,0.029638333333333322,0.16955080326615635,0.0,1,8,2.0,0.5,0.35,512,20,96,5,9,0.55,0.25,4.0,21,10,0.0001,0.6931800007820129,2.1452032923698425,3,0.35,0.015,10,0.7125672090053559,0.95,3.9763849720413105,0.5,12
qnehvi-initial-sobol,0.0,0.0,0.0,0.0,0.0,1.0,1,8,2.0,0.5,0.35,512,20,96,5,9,0.55,0.25,4.0,40,10,0.0001,0.28198893070220943,1.9923169314861298,3,0.35,0.015,10,0.014019698891788722,-0.050000000000000044,0.0,0.0,13
qnehvi-initial-sobol,0.02729062401354674,0.011299999999999977,0.08960263522949956,0.003354999999999997,0.11207850032163327,1.0,1,8,2.0,0.5,0.35,512,20,96,5,9,0.55,0.25,4.0,83,10,0.0001,0.46800616383552546,3.4545303285121918,3,0.35,0.015,10,0.4127462875843048,-0.050000000000000044,0.5221133871205753,1.0,14
qnehvi-initial-sobol,0.002482366639719,0.0040399999999999325,0.04513457216972048,0.0008533333333333171,0.03814008930638555,1.0,1,8,2.0,0.5,0.35,512,20,96,5,9,0.55,0.25,4.0,88,10,0.0001,0.4332996368408203,2.7299878895282745,3,0.35,0.015,10,0.193046812415123,-0.050000000000000044,0.11674585053627443,0.6666666666666666,15
qnehvi-initial-sobol,0.0,0.00873999999999997,0.05435680801788565,0.0014566666666666617,0.0,0.0,1,8,2.0,0.5,0.35,512,20,96,5,9,0.55,0.25,4.0,44,10,0.0001,0.22556787133216857,0.3305034302175045,3,0.35,0.015,10,0.5343428170680999,0.95,3.230702495990206,0.16666666666666666,16
qnehvi-initial-sobol,0.0,0.15839999999999999,0.31166375347428593,0.04687666666666666,0.3041398883736688,0.0,1,8,2.0,0.5,0.35,512,20,96,5,9,0.55,0.25,4.0,26,10,0.0001,0.5492641985416412,3.8085832595825195,3,0.35,0.015,10,0.21536773383617402,0.95,9.023773346294323,0.5,17
qnehvi-initial-sobol,0.16341308592724785,0.0726,0.20945392671059257,0.021639999999999975,0.27697841913954563,0.0,1,8,2.0,0.5,0.35,512,20,96,5,9,0.55,0.25,4.0,69,10,0.0001,0.013235358521342278,1.639586441218853,3,0.35,0.015,10,0.603257247209549,0.95,3.076503300101383,0.8333333333333334,18
qnehvi-initial-sobol,0.002482366639719,0.013259999999999939,0.11170203886589142,0.004129999999999967,0.03814008930638555,0.0,1,8,2.0,0.5,0.35,512,20,96,5,9,0.55,0.25,4.0,68,10,0.0001,0.48324266076087946,2.3360062539577484,3,0.35,0.015,10,0.22961527407169344,0.95,2.7649490469115108,0.6666666666666666,19
qnehvi-initial-sobol,0.08153521202682848,0.16340000000000005,0.29657273575177545,0.045303333333333334,0.3680493728788438,0.0,1,8,2.0,0.5,0.35,512,20,96,5,9,0.55,0.25,4.0,23,10,0.0001,0.34096374511718747,0.7529433034360409,3,0.35,0.015,10,0.5702217030525207,0.95,6.924251229153804,0.6666666666666666,20
qnehvi-initial-sobol,0.0,0.020379999999999954,0.07444441756603577,0.003396666666666659,0.0,0.0,1,8,2.0,0.5,0.35,512,20,96,5,9,0.55,0.25,4.0,48,10,0.0001,0.6291186213493347,3.3814298510551453,3,0.35,0.015,10,0.1592433688044548,0.95,2.2030374388234573,0.3333333333333333,21
qnehvi-initial-sobol,0.0021626494367704605,0.0040399999999999325,0.02532084461277181,0.0006733333333333221,0.009290032152978921,1.0,1,8,2.0,0.5,0.35,512,20,96,5,9,0.55,0.25,4.0,91,10,0.0001,0.11513676196336746,2.0366364121437073,3,0.35,0.015,10,0.5464676427841186,-0.050000000000000044,0.11261795555268532,0.6666666666666666,22
qnehvi-initial-sobol,0.0,0.0,0.01592370724449025,0.0,0.0,1.0,1,8,2.0,0.5,0.35,512,20,96,5,9,0.55,0.25,4.0,86,10,0.0001,0.08551055192947388,0.40337410382926464,3,0.35,0.015,10,0.04922295473515988,-0.050000000000000044,0.0,0.16666666666666666,23
qnehvi,0.02729062401354674,0.0040399999999999325,0.07017554265232433,0.0023799999999999746,0.08725818723197173,1.0,1,8,2.0,0.5,0.35,512,20,96,5,9,0.55,0.25,4.0,86,10,0.0001,0.5056073325134498,3.6882637244182614,3,0.35,0.015,10,0.7227680015109365,-0.050000000000000044,0.4150963574623157,0.8333333333333334,24
qnehvi,0.0,0.006199999999999983,0.05277944081720418,0.001673333333333323,0.004964733279438,1.0,1,8,2.0,0.5,0.35,512,20,96,5,9,0.55,0.25,4.0,79,10,0.0001,0.7,1.9902359625958823,3,0.35,0.015,10,0.4954960863688984,-0.050000000000000044,0.4150963574623157,0.5,25
qnehvi,0.009912705097847129,0.0010799999999999699,0.03213053855281741,0.00017999999999999497,0.03332781503495499,1.0,1,8,2.0,0.5,0.35,512,20,96,5,9,0.55,0.25,4.0,92,10,0.0001,0.006279386214792811,4.0,3,0.35,0.015,10,0.6676467460240197,-0.050000000000000044,0.11674585053627443,0.8333333333333334,26
qnehvi,0.0,0.0,0.0,0.0,0.0,1.0,1,8,2.0,0.5,0.35,512,20,96,5,9,0.55,0.25,4.0,31,10,0.0001,0.0,0.25,3,0.35,0.015,10,0.01,-0.050000000000000044,0.0,0.0,27
qnehvi,0.0,0.0,0.0,0.0,0.0,1.0,1,8,2.0,0.5,0.35,512,20,96,5,9,0.55,0.25,4.0,89,10,0.0001,0.7,2.215952676542944,3,0.35,0.015,10,0.02897605295129467,-0.050000000000000044,0.0,0.0,28
qnehvi,0.0,0.0,0.0,0.0,0.0,1.0,1,8,2.0,0.5,0.35,512,20,96,5,9,0.55,0.25,4.0,97,10,0.0001,0.7,0.25,3,0.35,0.015,10,0.26806697897693293,-0.050000000000000044,0.0,0.0,29
qnehvi,0.002482366639719,0.0,0.02064159933356885,0.0,0.014327490600708773,1.0,1,8,2.0,0.5,0.35,512,20,96,5,9,0.55,0.25,4.0,93,10,0.0001,0.0,2.1668169100997208,3,0.35,0.015,10,0.75,-0.050000000000000044,0.0,0.6666666666666666,30
qnehvi,0.0858064832531498,0.0040399999999999325,0.08607658221857635,0.0019199999999999773,0.10538436019982783,1.0,1,8,2.0,0.5,0.35,512,20,96,5,9,0.55,0.25,4.0,87,10,0.0001,0.19295803629595276,3.176545488467785,3,0.35,0.015,10,0.5213665531295144,-0.050000000000000044,0.16102909835241508,1.0,31
qnehvi,0.0,0.08360000000000001,0.2453601358416043,0.031048333333333327,0.17939381300018312,0.0,1,8,2.0,0.5,0.35,512,20,96,5,9,0.55,0.25,4.0,12,10,0.0001,0.6765159249250213,1.5110141674099156,3,0.35,0.015,10,0.3659713661997406,0.95,4.762547043877561,0.5,32
qnehvi,0.0,0.0,0.0,0.0,0.0,1.0,1,8,2.0,0.5,0.35,512,20,96,5,9,0.55,0.25,4.0,29,10,0.0001,0.7,0.25,3,0.35,0.015,10,0.01,-0.050000000000000044,0.0,0.0,33
qnehvi,0.0,0.007479999999999931,0.08510890887541232,0.00255999999999997,0.03317535602694755,0.0,1,8,2.0,0.5,0.35,512,20,96,5,9,0.55,0.25,4.0,35,10,0.0001,0.0,1.9745696171422902,3,0.35,0.015,10,0.06318122345255099,0.95,2.7649490469115108,0.5,34
qnehvi,0.0,0.05347999999999997,0.12683499058743788,0.01036999999999999,0.0,0.0,1,8,2.0,0.5,0.35,512,20,96,5,9,0.55,0.25,4.0,27,10,0.0001,0.3087506626610788,0.7014472402179759,3,0.35,0.015,10,0.19958360688279425,0.95,3.230702495990206,0.3333333333333333,35
qnehvi,0.0,0.0,0.0,0.0,0.0,1.0,1,8,2.0,0.5,0.35,512,20,96,5,9,0.55,0.25,4.0,12,10,0.0001,0.7,2.1922270370200896,3,0.35,0.015,10,0.01,-0.050000000000000044,0.0,0.0,36
qnehvi,0.0,0.0,0.0,0.0,0.0,1.0,1,8,2.0,0.5,0.35,512,20,96,5,9,0.55,0.25,4.0,97,10,0.0001,0.7,4.0,3,0.35,0.015,10,0.10296863921654253,-0.050000000000000044,0.0,0.0,37
qnehvi,0.009912705097847129,0.0040399999999999325,0.041874315598325544,0.0008533333333333171,0.04307220210317877,1.0,1,8,2.0,0.5,0.35,512,20,96,5,9,0.55,0.25,4.0,90,10,0.0001,0.0,3.665482748007252,3,0.35,0.015,10,0.34351162716456046,-0.050000000000000044,0.11674585053627443,0.8333333333333334,38
qnehvi,0.0,0.0,0.0,0.0,0.0,1.0,1,8,2.0,0.5,0.35,512,20,96,5,9,0.55,0.25,4.0,13,10,0.0001,0.2819792552106373,2.019187484977202,3,0.35,0.015,10,0.01,-0.050000000000000044,0.0,0.0,39
qnehvi,0.0,0.0,0.0,0.0,0.0,1.0,1,8,2.0,0.5,0.35,512,20,96,5,9,0.55,0.25,4.0,95,10,0.0001,0.0,2.155388661572282,3,0.35,0.015,10,0.016760199637780294,-0.050000000000000044,0.0,0.0,40
qnehvi,0.0863777887935196,0.011299999999999977,0.10584959324570468,0.0037549999999999897,0.12608588515355457,1.0,1,8,2.0,0.5,0.35,512,20,96,5,9,0.55,0.25,4.0,83,10,0.0001,0.09686777676704615,3.226075046642376,3,0.35,0.015,10,0.4864387803436739,-0.050000000000000044,0.5221133871205753,1.0,41
qnehvi,0.10651668306303053,0.02391999999999994,0.14768176875314337,0.007176666666666646,0.19279466940020584,0.0,1,8,2.0,0.5,0.35,512,20,96,5,9,0.55,0.25,4.0,77,10,0.0001,0.12488490011238412,2.895729564140762,3,0.35,0.015,10,0.4730338146006578,0.95,1.0756686800150377,1.0,42
qnehvi,0.009912705097847129,0.0,0.017550479114217,0.0,0.01913620824129655,1.0,1,8,2.0,0.5,0.35,512,20,96,5,9,0.55,0.25,4.0,97,10,0.0001,0.34262194006425006,3.386499095598703,3,0.35,0.015,10,0.48195435352735005,-0.050000000000000044,0.0,0.8333333333333334,43
qnehvi,0.1107769072210479,0.0040399999999999325,0.09777777131295057,0.0024133333333333042,0.11539398791178684,1.0,1,8,2.0,0.5,0.35,512,20,96,5,9,0.55,0.25,4.0,86,10,0.0001,0.37560141014287257,4.0,3,0.35,0.015,10,0.5645466553403232,-0.050000000000000044,0.4150963574623157,1.0,44
qnehvi,0.0,0.0010799999999999699,0.03102418088772842,0.00017999999999999497,0.004964733279438,1.0,1,8,2.0,0.5,0.35,512,20,96,5,9,0.55,0.25,4.0,88,10,0.0001,0.7,4.0,3,0.35,0.015,10,0.5708921377247105,-0.050000000000000044,0.11674585053627443,0.5,45
qnehvi,0.0,0.0,0.0,0.0,0.0,1.0,1,8,2.0,0.5,0.35,512,20,96,5,9,0.55,0.25,4.0,12,10,0.0001,0.4268890447569141,0.25,3,0.35,0.015,10,0.01,-0.050000000000000044,0.0,0.0,46
qnehvi,0.02729062401354674,0.0040399999999999325,0.05992427016375959,0.0014866666666666546,0.08244258394943049,1.0,1,8,2.0,0.5,0.35,512,20,96,5,9,0.55,0.25,4.0,89,10,0.0001,0.31544207809459657,3.332985757101289,3,0.35,0.015,10,0.5924097315042084,-0.050000000000000044,0.16102909835241508,1.0,47
qnehvi,0.0,0.0,0.012739140210877596,0.0,0.0,1.0,1,8,2.0,0.5,0.35,512,20,96,5,9,0.55,0.25,4.0,90,10,0.0001,0.0,0.25,3,0.35,0.015,10,0.75,-0.050000000000000044,0.0,0.16666666666666666,48
qnehvi,0.0,0.0,0.0,0.0,0.0,1.0,1,8,2.0,0.5,0.35,512,20,96,5,9,0.55,0.25,4.0,97,10,0.0001,0.0,0.25,3,0.35,0.015,10,0.01,-0.050000000000000044,0.0,0.0,49
qnehvi,0.0777664799660529,0.0040399999999999325,0.07603395054287591,0.0014866666666666546,0.08725818723197173,1.0,1,8,2.0,0.5,0.35,512,20,96,5,9,0.55,0.25,4.0,88,10,0.0001,0.25823884442506606,4.0,3,0.35,0.015,10,0.5269829151176899,-0.050000000000000044,0.16102909835241508,1.0,50
qnehvi,0.0,0.0,0.0,0.0,0.0,1.0,1,8,2.0,0.5,0.35,512,20,96,5,9,0.55,0.25,4.0,97,10,0.0001,0.34075897181724335,3.567925970145587,3,0.35,0.015,10,0.01,-0.050000000000000044,0.0,0.0,51
qnehvi,0.0,0.0,0.0,0.0,0.0,1.0,1,8,2.0,0.5,0.35,512,20,96,5,9,0.55,0.25,4.0,12,10,0.0001,0.0,0.25,3,0.35,0.015,10,0.01,-0.050000000000000044,0.0,0.0,52
qnehvi,0.0,0.0,0.0,0.0,0.0,1.0,1,8,2.0,0.5,0.35,512,20,96,5,9,0.55,0.25,4.0,86,10,0.0001,0.7,0.25,3,0.35,0.015,10,0.48240466971247936,-0.050000000000000044,0.0,0.0,53
qnehvi,0.0,0.0,0.0,0.0,0.0,1.0,1,8,2.0,0.5,0.35,512,20,96,5,9,0.55,0.25,4.0,20,10,0.0001,0.7,1.296886437656567,3,0.35,0.015,10,0.01,-0.050000000000000044,0.0,0.0,54
qnehvi,0.0,0.0,0.0,0.0,0.0,1.0,1,8,2.0,0.5,0.35,512,20,96,5,9,0.55,0.25,4.0,97,10,0.0001,0.0,4.0,3,0.35,0.015,10,0.01,-0.050000000000000044,0.0,0.0,55
qnehvi,0.0,0.004830000000000001,0.04406321406411848,0.0008050000000000002,0.0,1.0,1,8,2.0,0.5,0.35,512,20,96,5,9,0.55,0.25,4.0,12,10,0.0001,0.0,4.0,3,0.35,0.015,10,0.025777128667375714,-0.050000000000000044,0.5221133871205753,0.3333333333333333,56
qnehvi,0.0,0.0,0.00477626278464591,0.0,0.0,1.0,1,8,2.0,0.5,0.35,512,20,96,5,9,0.55,0.25,4.0,97,10,0.0001,0.0,0.25,3,0.35,0.015,10,0.32236053971205625,-0.050000000000000044,0.0,0.16666666666666666,57
qnehvi,0.0,0.0,0.0,0.0,0.0,1.0,1,8,2.0,0.5,0.35,512,20,96,5,9,0.55,0.25,4.0,17,10,0.0001,0.7,0.25,3,0.35,0.015,10,0.01,-0.050000000000000044,0.0,0.0,58
qnehvi,0.0,0.0,0.0,0.0,0.0,1.0,1,8,2.0,0.5,0.35,512,20,96,5,9,0.55,0.25,4.0,14,10,0.0001,0.7,4.0,3,0.35,0.015,10,0.01,-0.050000000000000044,0.0,0.0,59
qnehvi,0.25625799099449975,0.0726,0.2574793681450462,0.028124999999999966,0.25761234462031635,0.0,1,8,2.0,0.5,0.35,512,20,96,5,9,0.55,0.25,4.0,72,10,0.0001,0.40813221018387047,4.0,3,0.35,0.015,10,0.75,0.95,3.076503300101383,1.0,60
qnehvi,0.09071247497223461,0.011299999999999977,0.09932246195186663,0.0036233333333333118,0.12527367344504597,1.0,1,8,2.0,0.5,0.35,512,20,96,5,9,0.55,0.25,4.0,85,10,0.0001,0.2195543702581438,4.0,3,0.35,0.015,10,0.5498131257292818,-0.050000000000000044,0.4150963574623157,1.0,61
qnehvi,0.0858064832531498,0.0040399999999999325,0.08607658221857635,0.0019199999999999773,0.10538436019982783,1.0,1,8,2.0,0.5,0.35,512,20,96,5,9,0.55,0.25,4.0,87,10,0.0001,0.3380658721684711,4.0,3,0.35,0.015,10,0.46629336404498645,-0.050000000000000044,0.16102909835241508,1.0,62
qnehvi,0.0,0.0,0.00803342438094967,0.0,0.00480675150947328,1.0,1,8,2.0,0.5,0.35,512,20,96,5,9,0.55,0.25,4.0,95,10,0.0001,0.0,1.8691008426966058,3,0.35,0.015,10,0.21165279320022928,-0.050000000000000044,0.0,0.5,63
