backend,energy_saving_q25,maximum_quality_regret,mean_energy_saving_fraction,mean_quality_regret,median_energy_saving_fraction,minimum_noninferiority_probability,param_bootstrap_samples,param_horizon_epochs,param_knn_neighbors,param_late_stage_relaxation,param_max_probability_gain_gt_threshold,param_max_uncertainty_to_gain_ratio,param_min_epochs_floor,param_min_fit_points,param_min_meaningful_gain,param_minimum_quality_floor,param_noise_multiplier,param_patience,param_recent_gain_fraction,param_remaining_room_fraction,param_trend_window,param_utility_quantile,param_warmup_noise_stability_ratio,param_warmup_required_stable_windows,param_warmup_signal_to_noise_ratio,quality_constraint,quality_cvar90,stopped_fraction,trial_number
qnehvi-initial-sobol,0.36624840152856203,0.16340000000000005,0.4771505305175146,0.05723360631215053,0.5750292102283999,0.0,96,5,9,0.55,0.25,4.0,12,10,0.0001,0.0,1.25,3,0.35,0.015,10,0.25,2.5,2,2.0,0.95,6.924251229153804,1.0,0
qnehvi-initial-sobol,0.0,0.0,0.0,0.0,0.0,1.0,96,5,9,0.55,0.05,4.0,97,10,0.0001,0.0,1.25,8,0.35,0.015,10,0.25,2.5,2,2.0,-0.050000000000000044,0.0,0.0,1
qnehvi-initial-sobol,0.5585024807464578,0.21580000000000005,0.6652497735701661,0.09810686829211998,0.6986687677127124,0.0,96,5,9,0.55,0.45,4.0,8,10,0.0001,0.0,1.25,2,0.35,0.015,10,0.25,2.5,2,2.0,0.95,10.470767304601619,1.0,2
qnehvi-initial-sobol,0.0,0.0040399999999999325,0.040057456031956304,0.0005785142040785803,0.06699429131677792,1.0,96,9,9,0.55,0.4183563232421875,4.0,73,10,0.0001,0.0,2.2949672043323517,3,0.35,0.015,20,0.16563287377357483,1.4944551527500154,2,2.0,-0.050000000000000044,0.11674585053627443,0.5555555555555556,3
qnehvi-initial-sobol,0.0,0.05067999999999995,0.11285227257311169,0.007863293787602045,0.0,0.0,96,5,9,0.55,0.11347054243087769,4.0,39,10,0.0001,0.0,0.7580532431602478,6,0.35,0.015,11,0.27720206677913667,4.939213597774506,2,2.0,0.95,1.4127420760916292,0.4444444444444444,4
qnehvi-initial-sobol,0.0,0.16940000000000005,0.25503369649600116,0.02938146129201434,0.1959084048409127,0.0,96,7,9,0.55,0.27752318382263186,4.0,28,10,0.0001,0.0,1.6001358181238174,4,0.35,0.015,21,0.12623609155416488,3.8966291904449464,2,2.0,0.95,7.178507700236563,0.6666666666666666,5
qnehvi-initial-sobol,0.0,0.0,0.008926372767302898,0.0,0.0,1.0,96,15,9,0.55,0.17928402423858641,4.0,84,10,0.0001,0.0,2.6584387123584747,8,0.35,0.015,10,0.46455793380737304,2.3561314731836323,2,2.0,-0.050000000000000044,0.0,0.1111111111111111,6
qnehvi-initial-sobol,0.0,0.0040399999999999325,0.05204308348776971,0.00045851420407858366,0.07643484126526558,1.0,96,11,9,0.55,0.06601953506469727,4.0,87,10,0.0001,0.0,2.8339462280273438,5,0.35,0.015,23,0.44064244627952576,3.344715279340744,2,2.0,-0.050000000000000044,0.11261795555268532,0.6666666666666666,7
qnehvi-initial-sobol,0.0,0.011219999999999952,0.04069426683650689,0.0012466666666666613,0.0,0.0,96,4,9,0.55,0.3646493673324585,4.0,8,10,0.0001,0.0,1.1578938663005829,7,0.35,0.015,7,0.10396769493818284,2.908997416496277,2,2.0,0.95,4.147423570367287,0.1111111111111111,8
qnehvi-initial-sobol,0.0,0.14770000000000005,0.12984316117027034,0.018622665229500877,0.03820366340885179,0.0,96,9,9,0.55,0.22559973001480105,4.0,42,10,0.0001,0.0,0.9060976952314377,3,0.35,0.015,17,0.36759760677814485,2.0320821300148966,2,2.0,0.95,6.258946796487252,0.5555555555555556,9
qnehvi-initial-sobol,0.0,0.05067999999999995,0.10693927588002997,0.00787058323949354,0.028657576707875457,0.0,96,13,9,0.55,0.33009493350982666,4.0,54,10,0.0001,0.0,1.7910771369934082,6,0.35,0.015,13,0.2541633129119873,4.402538710832596,2,2.0,0.95,1.4127420760916292,0.5555555555555556,10
qnehvi-initial-sobol,0.0,0.0,0.0,0.0,0.0,1.0,96,14,9,0.55,0.20853443145751954,4.0,59,10,0.0001,0.0,0.5033130729570985,4,0.35,0.015,24,0.06023999508470297,3.180019402503967,2,2.0,-0.050000000000000044,0.0,0.0,11
qnehvi-initial-sobol,0.0,0.05067999999999995,0.12216151368852143,0.008168502367842665,0.0,0.0,96,6,9,0.55,0.3099045991897583,4.0,47,10,0.0001,0.0,2.1988973319530487,7,0.35,0.015,6,0.3969190061092377,2.7671014964580536,2,2.0,0.95,1.4127420760916292,0.4444444444444444,12
qnehvi-initial-sobol,0.6896389334199361,0.19360000000000005,0.7110038815492689,0.09939626772896415,0.7281184487542699,0.0,96,5,9,0.55,0.09895405173301697,4.0,14,10,0.0001,0.0,2.445658177137375,2,0.35,0.015,16,0.24559537172317508,1.6940503150224686,2,2.0,0.95,19.11807014789632,1.0,13
qnehvi-initial-sobol,0.0,1.4342977089354392e-05,0.026115831710526376,1.593664121039377e-06,0.02946190455817436,1.0,96,10,9,0.55,0.39445884227752687,4.0,92,10,0.0001,0.0,1.5411468148231506,6,0.35,0.015,15,0.359027037024498,4.072162497043609,2,2.0,-0.050000000000000044,0.0018116434070652306,0.6666666666666666,14
qnehvi-initial-sobol,0.0,0.0016115368973816796,0.02845617039273682,0.00018065331938567044,0.00961350301894656,1.0,96,12,9,0.55,0.25708856582641604,4.0,78,10,0.0001,0.0,1.3729607611894608,3,0.35,0.015,18,0.32092545330524447,1.1336082857102157,2,2.0,-0.050000000000000044,0.2883561531020335,0.5555555555555556,15
qnehvi-initial-sobol,0.13597590510494906,0.16340000000000005,0.3858319331321266,0.042713201048781686,0.4976412996604831,0.0,96,8,9,0.55,0.16197434663772584,4.0,22,10,0.0001,0.0,2.8903441429138184,5,0.35,0.015,12,0.20936060547828678,4.631652218103409,2,2.0,0.95,6.924251229153804,0.7777777777777778,16
qnehvi-initial-sobol,0.6182409758422207,0.16340000000000005,0.6190840701464277,0.07523214025813776,0.6184305312035645,0.0,96,4,9,0.55,0.447921895980835,4.0,34,10,0.0001,0.0,2.0435314178466797,4,0.35,0.015,22,0.4731284499168396,3.724262660741806,2,2.0,0.95,12.675147435641229,1.0,17
qnehvi-initial-sobol,0.0,1.4342977089354392e-05,0.006550715530142067,1.593664121039377e-06,0.0,1.0,96,11,9,0.55,0.1461610496044159,4.0,67,10,0.0001,0.0,1.0047590658068657,7,0.35,0.015,9,0.13480406627058983,2.2219059735536577,2,2.0,-0.050000000000000044,0.0018116434070652306,0.2222222222222222,18
qnehvi-initial-sobol,0.18934991255450007,0.08630000000000004,0.22738901628842395,0.01706333333247441,0.26841722563145165,0.0,96,8,9,0.55,0.3222543001174927,4.0,66,10,0.0001,0.0,2.5609670877456665,4,0.35,0.015,12,0.3855538427829742,3.5683639287948608,2,2.0,0.95,3.6570555757403516,0.8888888888888888,19
qnehvi-initial-sobol,0.0,0.14090000000000003,0.14653643250968562,0.0225324894438005,0.0,0.0,96,13,9,0.55,0.22049956321716307,4.0,32,10,0.0001,0.0,1.7369655072689056,7,0.35,0.015,20,0.27222856730222705,2.1949924379587173,2,2.0,0.95,5.970789462593457,0.4444444444444444,20
qnehvi-initial-sobol,0.0,0.0016115368973816796,0.03478929068277076,0.00018868497045433332,0.009929466558876,1.0,96,12,9,0.55,0.38142554759979247,4.0,21,10,0.0001,0.0,0.6990365236997604,3,0.35,0.015,10,0.42344237864017487,1.2894782654941084,2,2.0,-0.050000000000000044,0.2883561531020335,0.5555555555555556,21
qnehvi-initial-sobol,0.0,0.0,0.0,0.0,0.0,1.0,96,4,9,0.55,0.08630524277687074,4.0,77,10,0.0001,0.0,2.313996434211731,5,0.35,0.015,21,0.0868766188621521,4.658594810962677,2,2.0,-0.050000000000000044,0.0,0.0,22
qnehvi-initial-sobol,0.0,0.00039999999999995595,0.025772892305086312,4.444444444443955e-05,0.028465763550662625,1.0,96,7,9,0.55,0.17461551427841188,4.0,96,10,0.0001,0.0,1.849867731332779,2,0.35,0.015,8,0.10817083716392517,1.7204868465662004,2,2.0,-0.050000000000000044,0.02278730643003366,0.6666666666666666,23
qnehvi,0.0283429499237171,0.00019999999999997797,0.022746017844634352,2.381588634325915e-05,0.028657576707875457,1.0,96,4,9,0.55,0.3142424501338207,4.0,96,10,0.0001,0.0,2.835781256791064,2,0.35,0.015,25,0.43458953791806526,2.0792571939066518,2,2.0,-0.050000000000000044,0.01139365321501683,0.7777777777777778,24
qnehvi,0.0,0.0,0.0010553066986823817,0.0,0.0,1.0,96,3,9,0.55,0.45,4.0,13,10,0.0001,0.0,2.3183582825162063,4,0.35,0.015,6,0.5,1.1711376803060207,2,2.0,-0.050000000000000044,0.0,0.1111111111111111,25
qnehvi,0.0,0.07140000000000002,0.10863803937187666,0.008209027942079259,0.0495626757636101,0.0,96,15,9,0.55,0.45,4.0,15,10,0.0001,0.0,0.9200631508533187,4,0.35,0.015,6,0.5,3.6803290159938267,2,2.0,0.95,3.6133433543389253,0.6666666666666666,26
qnehvi,0.0,0.0,0.004195749943584834,0.0,0.0,1.0,96,3,9,0.55,0.35322930764198296,4.0,95,10,0.0001,0.0,2.1625727495276195,4,0.35,0.015,24,0.44777518891109486,3.8206466611832544,2,2.0,-0.050000000000000044,0.0,0.4444444444444444,27
qnehvi,0.6541413771515627,0.18379999999999996,0.6612224564416617,0.08208777054070639,0.6685377081801988,0.0,96,4,9,0.55,0.45,4.0,25,10,0.0001,0.0,2.5640967938390986,5,0.35,0.015,25,0.5,1.1256761611404236,2,2.0,0.95,13.658404717029553,1.0,28
qnehvi,0.028465763550662625,0.0017702151878184469,0.055520126759704476,0.0002756946087459232,0.0584730030737783,1.0,96,12,9,0.55,0.32440669622367824,4.0,13,10,0.0001,0.0,1.8555288980331524,2,0.35,0.015,6,0.24518840411784937,1.1,2,2.0,-0.050000000000000044,0.31674883929215086,0.7777777777777778,29
qnehvi,0.03855936078944781,0.031552626463764444,0.1263805734443962,0.004850291829307161,0.04885224405610085,0.0,96,6,9,0.55,0.45,4.0,16,10,0.0001,0.0,1.4984757923750078,2,0.35,0.015,7,0.47979922158616606,1.1,2,2.0,0.95,3.985372587054991,1.0,30
qnehvi,0.018725514642541543,0.00019999999999997797,0.015042411276585843,2.2222222222219774e-05,0.019065487056995515,1.0,96,3,9,0.55,0.062344765155273166,4.0,8,10,0.0001,0.0,3.0,2,0.35,0.015,6,0.38147183913862803,1.1,2,2.0,-0.050000000000000044,0.01139365321501683,0.7777777777777778,31
qnehvi,0.0,0.0016115368973816796,0.03365161040342218,0.00018868497045433332,0.0,1.0,96,11,9,0.55,0.39053103477872564,4.0,8,10,0.0001,0.0,0.5,2,0.35,0.015,13,0.2475335520225031,1.1,2,2.0,-0.050000000000000044,0.2883561531020335,0.4444444444444444,32
qnehvi,0.0,0.0,0.0,0.0,0.0,1.0,96,13,9,0.55,0.45,4.0,95,10,0.0001,0.0,2.762846302028562,8,0.35,0.015,22,0.05,2.1009715567517295,2,2.0,-0.050000000000000044,0.0,0.0,33
qnehvi,0.8375968567547667,0.21999999999999997,0.7506994421752815,0.13066602409726435,0.847679495895897,0.0,96,3,9,0.55,0.45,4.0,8,10,0.0001,0.0,3.0,2,0.35,0.015,10,0.437093399887832,1.1,2,2.0,0.95,32.550991052276714,0.8888888888888888,34
qnehvi,0.02987385993927648,0.028449999999999975,0.14435027560857044,0.006043424270511581,0.18934991255450007,0.0,96,3,9,0.55,0.45,4.0,72,10,0.0001,0.0,2.9876056835061005,2,0.35,0.015,14,0.34842653642135163,4.91039490791435,2,2.0,0.95,1.7410307501274278,0.7777777777777778,35
qnehvi,0.7875481835692387,0.1966,0.7918337329786336,0.11617146855683726,0.8052859978645984,0.0,96,3,9,0.55,0.45,4.0,8,10,0.0001,0.0,3.0,2,0.35,0.015,16,0.4986377546460359,5.0,2,2.0,0.95,23.59817475331983,1.0,36
qnehvi,0.0,0.011299999999999977,0.07194897827617043,0.0020484708538002893,0.06898440362608937,1.0,96,8,9,0.55,0.12057142498722095,4.0,76,10,0.0001,0.0,3.0,7,0.35,0.015,10,0.5,5.0,2,2.0,-0.050000000000000044,0.42771491142751156,0.6666666666666666,37
qnehvi,0.0,0.19360000000000005,0.08424546543460971,0.021511111111111116,0.0,0.0,96,3,9,0.55,0.45,4.0,8,10,0.0001,0.0,0.5,4,0.35,0.015,13,0.3858856781371153,1.1,2,2.0,0.95,8.204008800270357,0.1111111111111111,38
qnehvi,0.5880360859749214,0.17300000000000004,0.5618867444721309,0.0730755345573671,0.6201931141427337,0.0,96,12,9,0.55,0.38325688434137345,4.0,13,10,0.0001,0.0,1.9360049401002994,2,0.35,0.015,12,0.3021710560880309,2.9369572035743126,2,2.0,0.95,8.921230467359159,1.0,39
qnehvi,0.009929466558876,0.059779999999999944,0.1075171976197265,0.006968538113836187,0.07643484126526558,0.0,96,12,9,0.55,0.3503756717594011,4.0,11,10,0.0001,0.0,2.0212568726481734,2,0.35,0.015,12,0.2877043116979407,1.1,2,2.0,0.95,1.6664112334008998,0.7777777777777778,40
qnehvi,0.6740380817326992,0.1966,0.6304393156884602,0.09175092418716903,0.6986670383777054,0.0,96,7,9,0.55,0.45,4.0,9,10,0.0001,0.0,2.407723132545125,2,0.35,0.015,6,0.27650871167802615,3.3554572651260366,2,2.0,0.95,11.199961110362779,1.0,41
qnehvi,0.7800270631426374,0.21999999999999997,0.8030844807005201,0.12253376859245829,0.8258127590622493,0.0,96,3,9,0.55,0.3632422837045807,4.0,10,10,0.0001,0.0,2.660872258706528,2,0.35,0.015,6,0.39096865356688054,3.243078701496742,2,2.0,0.95,31.050229938578735,1.0,42
qnehvi,0.08591436375328534,0.16940000000000005,0.353855627535587,0.04031803384935831,0.44482914904619686,0.0,96,12,9,0.55,0.26630051303499697,4.0,12,10,0.0001,0.0,1.4357318633247687,2,0.35,0.015,6,0.242940862165073,3.2455991906410837,2,2.0,0.95,7.178507700236563,0.8888888888888888,43
qnehvi,0.009929466558876,0.011299999999999977,0.06520615184966633,0.001731111111111103,0.010423188551814963,1.0,96,6,9,0.55,0.45,4.0,79,10,0.0001,0.0,2.4288427791858798,6,0.35,0.015,22,0.5,2.1884685673688136,2,2.0,-0.050000000000000044,0.31499576676865415,0.8888888888888888,44
qnehvi,0.07643484126526558,0.16940000000000005,0.40643954531071014,0.04680109501777715,0.5704314230550179,0.0,96,9,9,0.55,0.45,4.0,8,10,0.0001,0.0,2.872305187410582,2,0.35,0.015,6,0.30919953058714117,1.7419872708820936,2,2.0,0.95,7.178507700236563,1.0,45
qnehvi,0.018973329504214462,0.003117348913303397,0.03167121149084476,0.0003797054348114849,0.01932077129790016,1.0,96,3,9,0.55,0.2967016631753638,4.0,73,10,0.0001,0.0,3.0,2,0.35,0.015,14,0.42677776489330926,1.1506146891005278,2,2.0,-0.050000000000000044,0.13865963166806336,0.8888888888888888,46
qnehvi,0.8000454197197417,0.21999999999999997,0.7250848262646831,0.12017892324411655,0.8174713639309796,0.0,96,3,9,0.55,0.3152633731768607,4.0,8,10,0.0001,0.0,3.0,4,0.35,0.015,12,0.4460961060192236,1.4504861262527546,2,2.0,0.95,27.135683092750757,0.8888888888888888,47
qnehvi,0.0,0.0,0.0055449851549821795,0.0,0.0,1.0,96,15,9,0.55,0.21845924164742642,4.0,90,10,0.0001,0.0,0.5,8,0.35,0.015,25,0.46620344831795124,1.273266170371187,2,2.0,-0.050000000000000044,0.0,0.1111111111111111,48
qnehvi,0.03867229740275196,0.011299999999999977,0.07355710357311927,0.0016001564331945735,0.0695639415230986,1.0,96,15,9,0.55,0.3521252206028078,4.0,81,10,0.0001,0.0,0.5399931276505368,2,0.35,0.015,6,0.23373184301440153,1.1,2,2.0,-0.050000000000000044,0.42771491142751156,0.7777777777777778,49
qnehvi,0.0,0.0,0.0,0.0,0.0,1.0,96,15,9,0.55,0.05,4.0,97,10,0.0001,0.0,0.5,8,0.35,0.015,15,0.05,1.1,2,2.0,-0.050000000000000044,0.0,0.0,50
qnehvi,0.018725514642541543,0.018915531242931105,0.05631441137995219,0.0021350590269923414,0.019065487056995515,1.0,96,3,9,0.55,0.05,4.0,48,10,0.0001,0.0,3.0,2,0.35,0.015,15,0.39003998475874296,1.1,2,2.0,-0.050000000000000044,0.8413625384561836,0.7777777777777778,51
qnehvi,0.03867229740275196,0.011299999999999977,0.07147605186676459,0.0015312501643014761,0.0695639415230986,1.0,96,15,9,0.55,0.11950055141171641,4.0,94,10,0.0001,0.0,3.0,2,0.35,0.015,6,0.05,4.511154029055973,2,2.0,-0.050000000000000044,0.31674883929215086,0.8888888888888888,52
qnehvi,0.03867229740275196,0.011299999999999977,0.07164096279182405,0.0015312501643014761,0.0695639415230986,1.0,96,15,9,0.55,0.3869251158520933,4.0,28,10,0.0001,0.0,0.530214951013131,2,0.35,0.015,6,0.05,1.1,2,2.0,-0.050000000000000044,0.31674883929215086,0.7777777777777778,53
qnehvi,0.0,0.0,0.0,0.0,0.0,1.0,96,15,9,0.55,0.1400533409946036,4.0,97,10,0.0001,0.0,0.5,2,0.35,0.015,25,0.05329447087747303,4.769259984590552,2,2.0,-0.050000000000000044,0.0,0.0,54
qnehvi,0.0,0.0,0.0034235017667878366,0.0,0.0,1.0,96,15,9,0.55,0.06382553302753459,4.0,96,10,0.0001,0.0,1.4795607112020934,8,0.35,0.015,25,0.5,5.0,2,2.0,-0.050000000000000044,0.0,0.1111111111111111,55
qnehvi,0.0,0.011299999999999977,0.037053102815166404,0.0014522461319798248,0.0,1.0,96,15,9,0.55,0.05,4.0,97,10,0.0001,0.0,3.0,2,0.35,0.015,6,0.5,1.1,2,2.0,-0.050000000000000044,0.31674883929215086,0.4444444444444444,56
qnehvi,0.0,0.0,0.0,0.0,0.0,1.0,96,15,9,0.55,0.12893655367490903,4.0,93,10,0.0001,0.0,0.5,2,0.35,0.015,24,0.05,1.2561939263645194,2,2.0,-0.050000000000000044,0.0,0.0,57
qnehvi,0.0,0.011299999999999977,0.06644284894219041,0.0015960620183230806,0.06877000424215095,1.0,96,15,9,0.55,0.10779745997913719,4.0,93,10,0.0001,0.0,3.0,2,0.35,0.015,17,0.05,1.6985277139881125,2,2.0,-0.050000000000000044,0.31674883929215086,0.6666666666666666,58
qnehvi,0.0,0.0009728672277228151,0.021990506764102913,0.00010969002275690772,0.0,1.0,96,10,9,0.55,0.05,4.0,97,10,0.0001,0.0,1.0077403957264575,2,0.35,0.015,6,0.5,4.966794461127374,2,2.0,-0.050000000000000044,0.1740774609138528,0.3333333333333333,59
qnehvi,0.0,0.0,0.0,0.0,0.0,1.0,96,15,9,0.55,0.05,4.0,97,10,0.0001,0.0,0.5,8,0.35,0.015,6,0.5,5.0,2,2.0,-0.050000000000000044,0.0,0.0,60
qnehvi,0.0,0.0017702151878184469,0.019832047237025613,0.00019669057642427188,0.0,1.0,96,15,9,0.55,0.45,4.0,94,10,0.0001,0.0,0.7816562902298104,2,0.35,0.015,25,0.49673978356895676,2.6631459822666304,2,2.0,-0.050000000000000044,0.31674883929215086,0.3333333333333333,61
qnehvi,0.0,0.0,0.0,0.0,0.0,1.0,96,3,9,0.55,0.05,4.0,97,10,0.0001,0.0,0.5,8,0.35,0.015,19,0.5,5.0,2,2.0,-0.050000000000000044,0.0,0.0,62
qnehvi,0.0,0.0,0.0,0.0,0.0,1.0,96,3,9,0.55,0.05,4.0,76,10,0.0001,0.0,0.5,8,0.35,0.015,25,0.43636294936636477,1.1,2,2.0,-0.050000000000000044,0.0,0.0,63
qnehvi,0.0,0.0,0.0,0.0,0.0,1.0,96,3,9,0.55,0.1851318993727688,4.0,93,10,0.0001,0.0,3.0,8,0.35,0.015,6,0.05,1.1,2,2.0,-0.050000000000000044,0.0,0.0,64
qnehvi,0.0,0.0017702151878184469,0.014353448178947228,0.00019669057642427188,0.0,1.0,96,15,9,0.55,0.05,4.0,97,10,0.0001,0.0,0.9520819726484202,2,0.35,0.015,6,0.05,1.6838360304130666,2,2.0,-0.050000000000000044,0.31674883929215086,0.2222222222222222,65
qnehvi,0.0,0.0,0.006481022026123781,0.0,0.0,1.0,96,3,9,0.55,0.32188060284019865,4.0,95,10,0.0001,0.0,0.5,2,0.35,0.015,15,0.4536259550007985,1.1,2,2.0,-0.050000000000000044,0.0,0.3333333333333333,66
qnehvi,0.0,0.0040399999999999325,0.022634743537950315,0.0006295422082745519,0.0,1.0,96,14,9,0.55,0.05,4.0,97,10,0.0001,0.0,2.871218248305374,2,0.35,0.015,13,0.43873715113667605,3.4067861703515567,2,2.0,-0.050000000000000044,0.2883561531020335,0.3333333333333333,67
qnehvi,0.0,0.0,0.0,0.0,0.0,1.0,96,15,9,0.55,0.05,4.0,58,10,0.0001,0.0,2.98436299822761,8,0.35,0.015,6,0.05,1.1,2,2.0,-0.050000000000000044,0.0,0.0,68
qnehvi,0.0,0.0,0.0,0.0,0.0,1.0,96,3,9,0.55,0.23809156427369776,4.0,86,10,0.0001,0.0,3.0,8,0.35,0.015,25,0.05,1.1860184610461886,2,2.0,-0.050000000000000044,0.0,0.0,69
qnehvi,0.0,0.0,0.0010622657018342294,0.0,0.0,1.0,96,14,9,0.55,0.08711755488648495,4.0,83,10,0.0001,0.0,0.5,8,0.35,0.015,8,0.5,1.1,2,2.0,-0.050000000000000044,0.0,0.1111111111111111,70
qnehvi,0.0,0.0,0.0,0.0,0.0,1.0,96,3,9,0.55,0.05,4.0,93,10,0.0001,0.0,0.5,2,0.35,0.015,25,0.05,3.541188577148511,2,2.0,-0.050000000000000044,0.0,0.0,71
qnehvi,0.0,0.0040399999999999325,0.07181376466481199,0.0012950570719324715,0.08853784682628837,1.0,96,15,9,0.55,0.05,4.0,83,10,0.0001,0.0,3.0,2,0.35,0.015,25,0.5,1.1,2,2.0,-0.050000000000000044,0.2883561531020335,0.6666666666666666,72
qnehvi,0.0,0.0,0.0,0.0,0.0,1.0,96,3,9,0.55,0.05,4.0,96,10,0.0001,0.0,0.5,2,0.35,0.015,10,0.05,4.869633839112181,2,2.0,-0.050000000000000044,0.0,0.0,73
qnehvi,0.0,0.0,0.0021183874507772794,0.0,0.0,1.0,96,3,9,0.55,0.4138960372050724,4.0,85,10,0.0001,0.0,0.7534331812525973,2,0.35,0.015,25,0.20007368040043777,1.1,2,2.0,-0.050000000000000044,0.0,0.1111111111111111,74
qnehvi,0.0,0.0,0.0,0.0,0.0,1.0,96,3,9,0.55,0.05,4.0,78,10,0.0001,0.0,0.5,2,0.35,0.015,6,0.05,1.1981609792051304,2,2.0,-0.050000000000000044,0.0,0.0,75
qnehvi,0.0,0.003117348913303397,0.0436500449113615,0.0005526879930921294,0.0,1.0,96,15,9,0.55,0.4235028160042004,4.0,91,10,0.0001,0.0,0.5,2,0.35,0.015,15,0.05,1.3939191940350455,2,2.0,-0.050000000000000044,0.31674883929215086,0.4444444444444444,76
qnehvi,0.0,0.0,0.0,0.0,0.0,1.0,96,3,9,0.55,0.05,4.0,97,10,0.0001,0.0,2.3073082874991266,8,0.35,0.015,25,0.07958274520367138,4.793527263972248,2,2.0,-0.050000000000000044,0.0,0.0,77
qnehvi,0.0,8.662783670732033e-05,0.012987767574182428,9.625315189702258e-06,0.0,1.0,96,15,9,0.55,0.45,4.0,97,10,0.0001,0.0,1.7035127312068032,8,0.35,0.015,9,0.05,1.1,2,2.0,-0.050000000000000044,0.010941853163498598,0.2222222222222222,78
qnehvi,0.0,0.0017702151878184469,0.014353448178947228,0.00019669057642427188,0.0,1.0,96,15,9,0.55,0.05,4.0,46,10,0.0001,0.0,1.0691743548714396,2,0.35,0.015,6,0.5,1.1,2,2.0,-0.050000000000000044,0.31674883929215086,0.2222222222222222,79
qnehvi,0.0,0.0,0.0,0.0,0.0,1.0,96,3,9,0.55,0.45,4.0,75,10,0.0001,0.0,3.0,2,0.35,0.015,25,0.14570817496444166,1.1306255492242698,2,2.0,-0.050000000000000044,0.0,0.0,80
qnehvi,0.0,0.0,0.0,0.0,0.0,1.0,96,3,9,0.55,0.05,4.0,97,10,0.0001,0.0,2.258572637492042,8,0.35,0.015,6,0.4998613609869768,5.0,2,2.0,-0.050000000000000044,0.0,0.0,81
qnehvi,0.0,0.0,0.00318417518976394,0.0,0.0,1.0,96,6,9,0.55,0.0911577603631098,4.0,97,10,0.0001,0.0,3.0,4,0.35,0.015,12,0.05,3.224454894417804,2,2.0,-0.050000000000000044,0.0,0.1111111111111111,82
qnehvi,0.0,0.0,0.010733105978975026,0.0,0.018973329504214462,1.0,96,9,9,0.55,0.27643367382779616,4.0,91,10,0.0001,0.0,3.0,8,0.35,0.015,12,0.5,1.1498317696305576,2,2.0,-0.050000000000000044,0.0,0.5555555555555556,83
qnehvi,0.0,0.0,0.0,0.0,0.0,1.0,96,10,9,0.55,0.05,4.0,94,10,0.0001,0.0,0.5,8,0.35,0.015,22,0.05,2.9800700017990653,2,2.0,-0.050000000000000044,0.0,0.0,84
qnehvi,0.0,0.0,0.0,0.0,0.0,1.0,96,10,9,0.55,0.05719092941672455,4.0,77,10,0.0001,0.0,2.129231390962376,8,0.35,0.015,25,0.05,1.1,2,2.0,-0.050000000000000044,0.0,0.0,85
qnehvi,0.0,0.0,0.0,0.0,0.0,1.0,96,7,9,0.55,0.45,4.0,91,10,0.0001,0.0,0.5,8,0.35,0.015,9,0.05,1.2298112127481353,2,2.0,-0.050000000000000044,0.0,0.0,86
qnehvi,0.0,0.0016115368973816796,0.010918271607887461,0.00017905965526463107,0.0,1.0,96,15,9,0.55,0.05,4.0,95,10,0.0001,0.0,0.5,2,0.35,0.015,16,0.5,3.6804454143780365,2,2.0,-0.050000000000000044,0.2883561531020335,0.1111111111111111,87
qnehvi,0.0,0.0,0.0,0.0,0.0,1.0,96,3,9,0.55,0.05,4.0,96,10,0.0001,0.0,3.0,8,0.35,0.015,18,0.5,2.9028633586262895,2,2.0,-0.050000000000000044,0.0,0.0,88
qnehvi,0.009929466558876,0.011299999999999977,0.08362414364545824,0.002328750756894951,0.10873150922113856,1.0,96,15,9,0.55,0.45,4.0,94,10,0.0001,0.0,2.9523952912398377,2,0.35,0.015,11,0.05,1.1,2,2.0,-0.050000000000000044,0.42771491142751156,0.7777777777777778,89
qnehvi,0.18944569417915672,0.0252,0.204104104885688,0.010148212178496775,0.21604132616506222,0.0,96,3,9,0.55,0.13592137048527753,4.0,76,10,0.0001,0.0,3.0,2,0.35,0.015,25,0.5,3.958983438277258,2,2.0,0.95,1.4674930101923225,1.0,90
qnehvi,0.0,0.0,0.0,0.0,0.0,1.0,96,15,9,0.55,0.45,4.0,85,10,0.0001,0.0,1.873686230084762,8,0.35,0.015,25,0.05,1.1011596995126114,2,2.0,-0.050000000000000044,0.0,0.0,91
qnehvi,0.0,0.0,0.0,0.0,0.0,1.0,96,15,9,0.55,0.26550873898316324,4.0,97,10,0.0001,0.0,3.0,8,0.35,0.015,16,0.05,5.0,2,2.0,-0.050000000000000044,0.0,0.0,92
qnehvi,0.0,0.0,0.0,0.0,0.0,1.0,96,11,9,0.55,0.44988862099350835,4.0,81,10,0.0001,0.0,0.5,2,0.35,0.015,25,0.05,1.1,2,2.0,-0.050000000000000044,0.0,0.0,93
qnehvi,0.0,0.00039999999999995595,0.01398835829198574,5.555555555554944e-05,0.0,1.0,96,7,9,0.55,0.45,4.0,87,10,0.0001,0.0,3.0,2,0.35,0.015,10,0.0849511492184156,1.1,2,2.0,-0.050000000000000044,0.02278730643003366,0.3333333333333333,94
qnehvi,0.0,0.0,0.0,0.0,0.0,1.0,96,9,9,0.55,0.45,4.0,97,10,0.0001,0.0,0.6107793200043078,8,0.35,0.015,19,0.05,1.1432207200438678,2,2.0,-0.050000000000000044,0.0,0.0,95
