parameter,st__mean-energy-saving-fraction,st_conf__mean-energy-saving-fraction,st__mean-quality-regret-pp,st_conf__mean-quality-regret-pp,st__mean-stop-epoch,st_conf__mean-stop-epoch,st__bayesian-veto-rate,st_conf__bayesian-veto-rate,st__controller-runtime-ms-per-epoch,st_conf__controller-runtime-ms-per-epoch,combined_max_total_order,combined_mean_total_order,rank
min_epochs_floor,0.5337885053634188,0.06848434970673259,0.6008292062694972,0.08143426038819374,0.5320137470415673,0.0726174467871783,0.5102951757095461,0.06789129892418132,0.5377155373395868,0.07384492434491806,0.6008292062694972,0.5429284343447233,1
noise_multiplier,0.35061926224918133,0.05678965228827486,0.3309077024542883,0.0580302430466429,0.35117576437872944,0.05486079286413586,0.25790001847571925,0.04529910617310825,0.3447655790865297,0.057975403132502476,0.35117576437872944,0.3270736653288896,2
utility_quantile,0.28091624130960435,0.051944969648516165,0.2884333154149896,0.05516396643898087,0.28121252384564793,0.049970324277581746,0.3254678960056732,0.062401201107838665,0.30405242204161353,0.049056158927353745,0.3254678960056732,0.29601647972350575,3
minimum_quality_floor,0.08124413338766434,0.01753456614879159,0.08325303587635281,0.018751775584810233,0.08175498590928795,0.015139604304302175,0.08850363216415731,0.015566359217557741,0.07952013184176893,0.015787996581939714,0.08850363216415731,0.08285518383584627,4
trend_window,0.046177978228439505,0.007517222586090607,0.045031868518712805,0.008033346491360872,0.04619384277881193,0.008114792279310785,0.033264322314574934,0.007017340666960273,0.025363771108870913,0.004409824167217602,0.04619384277881193,0.039206356589882016,5
bayesian_window,0.007764435823470474,0.0018165280068301092,0.007868113628755733,0.0019048333304341216,0.007756592969922104,0.002071639350083896,0.025858960700152787,0.0054798365605654665,0.006049771392152772,0.0013515437409001478,0.025858960700152787,0.011059574902890775,6
horizon_epochs,0.02308225818260349,0.004254376633095469,0.02469011787529906,0.005414862041612967,0.023096805016581862,0.004664293416585758,0.011060553248162429,0.0024446071839147173,0.013702332516502382,0.0026013250124832226,0.02469011787529906,0.019126413367829845,7
remaining_room_fraction,0.004268193448162504,0.0011888626040657507,0.0014804161014512498,0.00044109791518811534,0.0043082823234473384,0.0011158084199923224,0.013183750485733645,0.0034930707817288093,0.0035842676738674097,0.0008062926927502314,0.013183750485733645,0.00536498200653243,8
patience,0.003763804821745964,0.0006315944521396555,0.003923593648392345,0.0007850037678007053,0.0037718323943678896,0.0006390347091744122,0.010301049838518503,0.0014480068563568935,0.003728522787851544,0.0006220286626235971,0.010301049838518503,0.005097760698175249,9
bayesian_samples,0.0003669736147983965,7.126084718276486e-05,0.00036673229954370054,7.671481736494801e-05,0.0003675619553821785,7.573833714305798e-05,0.0006804615608343635,0.00010563800661843499,0.008226184895681748,0.0011674328383459412,0.008226184895681748,0.002001582865248077,10
bayesian_confirmation_patience,0.0019510619201502028,0.0003106225263463802,0.0018717695182347107,0.00037221432940265093,0.001953141225540824,0.00030926046711014836,0.005054568925877305,0.0010784244831676044,0.0019693949020935997,0.00030333078328821856,0.005054568925877305,0.0025599872983793287,11
max_probability_gain_gt_threshold,0.0006953668013281484,0.00015182120658656804,0.0007781310096269138,0.00018859593446763305,0.000696416517069392,0.00013531187314691815,0.002945433498080564,0.000544489227956459,0.0011542126648772556,0.0001864599835457145,0.002945433498080564,0.001253912098196455,12
bayesian_probability_limit,0.001304791919100327,0.00023192689865442272,0.0009185858831091663,0.0001794008925191061,0.001311935743004792,0.0002659708543380952,0.002467633570124246,0.0005153976033911191,0.0017939453690883037,0.0003159713924449859,0.002467633570124246,0.001559378496885367,13
min_fit_points,0.0015830866701608535,0.0003567107414477104,0.0018828981225111699,0.0005227875873573749,0.0015814372672318495,0.00035375457194907763,0.0016528447527656206,0.0004764808797929087,0.0023605142256887656,0.0004228476998071669,0.0023605142256887656,0.0018121562076716519,14
min_meaningful_gain,0.0003162408152830857,0.00010240116422780354,0.0003447703238817069,0.00011430329237768396,0.0003160165377093741,9.198036568534717e-05,0.0005478234313115879,0.0001546198151608808,0.00046922649581922026,0.00012759059796893388,0.0005478234313115879,0.00039881552080099495,15
knn_neighbors,0.00026635602325440343,5.2136954212026746e-05,0.0002246466936381476,4.3143661814263125e-05,0.00026711720410146846,5.304628557108456e-05,0.00033088775421922443,4.960279404521198e-05,0.00045004488491414953,0.00010399656191262162,0.00045004488491414953,0.0003078105120254787,16
late_stage_relaxation,0.00026876694534892537,5.302590761737404e-05,0.0001630599693598066,2.896318527553555e-05,0.0002709386133145439,5.232894902755176e-05,0.00038218298595335174,6.629825126640321e-05,0.00044665133468410113,7.120839900147567e-05,0.00044665133468410113,0.00030631996973214576,17
bayesian_prior_strength,0.00033913059178739306,7.307087493489654e-05,0.0003518756091221085,7.463093250221712e-05,0.00033977342584394477,7.278476130346105e-05,0.0004025821485400667,6.275389870592271e-05,0.00043492950340839615,8.127751480435742e-05,0.00043492950340839615,0.00037365825574038185,18
bootstrap_samples,0.00013574057586139643,2.8807621523577515e-05,0.0001501027846595292,3.482749966851797e-05,0.0001359860505916442,2.983259102544258e-05,0.00039957982257893943,8.130758539197788e-05,0.0003344608580250599,5.226433996436707e-05,0.00039957982257893943,0.0002311740183433138,19
recent_gain_fraction,0.00018533379281356137,3.266063589895852e-05,0.00016805605763266725,3.350867616134198e-05,0.00018615626131740493,3.382767261591372e-05,0.0003928014460235589,7.746855554260959e-05,0.0002873240974533317,4.741319303146166e-05,0.0003928014460235589,0.0002439343310481048,20
bayesian_min_observations,0.0002431957387969073,4.217859566949562e-05,0.00017136919458540046,3.217158715355869e-05,0.0002445493874809245,4.108453225211813e-05,0.0003540469074810809,6.339582299631827e-05,0.0003573294902401128,6.868260453014823e-05,0.0003573294902401128,0.0002740981437168852,21
max_uncertainty_to_gain_ratio,0.00017054311481637247,3.2516472298343737e-05,0.0001701988362620413,3.274533607968652e-05,0.00017060580870316641,3.127849227179544e-05,0.0003366343119082894,5.52160329602288e-05,0.00026705502801850666,4.474349372066987e-05,0.0003366343119082894,0.00022300741994167524,22
bayesian_prior_alpha,0.00013481053230074224,2.0431856677992164e-05,0.00010858985936950585,1.6681362095267776e-05,0.00013534643618633982,2.043862443358217e-05,0.00030523105880282144,5.434650157473281e-05,0.0002881267781662015,3.881558500936021e-05,0.00030523105880282144,0.00019442093296512215,23
