mean_quality_regret,mean_stop_error,median_energy_saving_fraction,metric_maximum_quality_regret,metric_mean_energy_saving_fraction,metric_mean_quality_regret,metric_mean_stop_error,metric_median_energy_saving_fraction,metric_minimum_energy_saving_fraction,metric_quality_constraint,metric_worst_normalized_quality_regret,param_bootstrap_samples,param_horizon_epochs,param_knn_neighbors,param_late_stage_relaxation,param_max_probability_gain_gt_threshold,param_max_uncertainty_to_gain_ratio,param_min_epochs_floor,param_min_fit_points,param_min_meaningful_gain,param_noise_multiplier,param_patience,param_recent_gain_fraction,param_remaining_room_fraction,param_trend_window,param_utility_quantile,pareto_optimal,study,trial_number,worst_normalized_quality_regret
0.0002950358646364078,0.28833333333333333,0.03349714565838896,0.0017702151878184469,0.04391461736996435,0.0002950358646364078,0.28833333333333333,0.03349714565838896,0.0,-0.0027052939757986508,0.31674883929215086,64,13,11,0.20103795891430495,0.14784535942402832,7.542044349045726,36,6,0.0006632208878954472,0.8679541744607753,5,0.5586864862458961,0.017745565306338872,20,0.17545332051181672,1,po-rapec-20260731-164126-loto-image_classification,183,0.31674883929215086
0.00016214453795380251,0.30333333333333334,0.019101831704425896,0.0009728672277228151,0.02941690494212157,0.00016214453795380251,0.30333333333333334,0.019101831704425896,0.0,-0.0027052939757986508,0.1740774609138528,128,9,11,0.5266247607639659,0.1410290444810116,7.542044349045726,32,18,0.0006632208878954472,0.8679541744607753,7,0.7155474704984082,0.017745565306338872,20,0.17545332051181672,1,po-rapec-20260731-164126-loto-image_classification,213,0.1740774609138528
0.00039839526797605385,0.2783333333333333,0.03349714565838896,0.002390371607856323,0.05312634024207474,0.00039839526797605385,0.2783333333333333,0.03349714565838896,0.0,-0.0027052939757986508,0.42771491142751156,64,12,11,0.38309495915804653,0.38023792892044056,7.542044349045726,36,17,1.4991935286786222e-05,0.7626326912820992,8,0.7152504690830501,0.017745565306338872,18,0.2662549847121198,1,po-rapec-20260731-164126-loto-image_classification,245,0.42771491142751156
0.0,0.31833333333333336,0.0,0.0,0.014319060625547558,0.0,0.31833333333333336,0.0,0.0,-0.0027052939757986508,0.0,192,7,9,0.38309495915804653,0.17405247584195527,4.630043528031806,38,12,0.00019569281993856317,1.8584900718538018,6,0.7155474704984082,0.07891935647198918,16,0.05828293110366632,1,po-rapec-20260731-164126-loto-image_classification,253,0.0
0.0007713733199594675,0.29833333333333334,0.0,0.004628239919756805,0.03466287665879623,0.0007713733199594675,0.29833333333333334,0.0,0.0,-0.0027052939757986508,0.20586404037296388,128,9,4,0.34532934090191253,0.21135124934810945,6.127160109726303,38,18,1.4991935286786222e-05,0.7626326912820992,8,0.6834472049898949,0.0036116795472184065,6,0.05828293110366632,1,po-rapec-20260731-164126-loto-image_classification,259,0.20586404037296388
0.0015759090312317907,0.24166666666666667,0.05493013115631245,0.007485238999572319,0.0910425926776693,0.0015759090312317907,0.24166666666666667,0.05493013115631245,0.0,-0.002505293975798673,0.3329433154559131,64,12,15,0.20103795891430495,0.4089166320523481,7.542044349045726,36,6,1.4991935286786222e-05,0.8679541744607753,7,0.5586864862458961,0.017745565306338872,20,0.18668052147953412,1,po-rapec-20260731-164126-loto-image_classification,291,0.3329433154559131
0.0006354297524745917,0.25666666666666665,0.05954699389760494,0.0036125785148475725,0.07471535986748155,0.0006354297524745917,0.25666666666666665,0.05954699389760494,0.0,-0.0019761244833209624,0.6464073177679052,128,12,11,0.38309495915804653,0.23803736491056932,4.414303330410867,32,13,1.4991935286786222e-05,0.8679541744607753,5,0.7152504690830501,0.019809241582800848,18,0.2662549847121198,1,po-rapec-20260731-164126-loto-image_classification,306,0.6464073177679052
0.003317331177584639,0.22999999999999998,0.04346125313598127,0.017499272480562156,0.1019427916279264,0.003317331177584639,0.22999999999999998,0.04346125313598127,0.0,-0.0027052939757986508,0.7783673705111724,192,9,9,0.007273075554029418,0.23803736491056932,4.630043528031806,32,17,3.537189294435984e-06,0.8679541744607753,3,0.6940850200971943,0.007657144237907481,18,0.17545332051181672,1,po-rapec-20260731-164126-loto-image_classification,310,0.7783673705111724
0.008711941434005886,0.15166666666666667,0.16891284962120795,0.028449999999999975,0.1805982521330806,0.008711941434005886,0.15166666666666667,0.16891284962120795,0.0,-0.0027052939757986508,0.8544427041764607,128,9,11,0.40007386046799703,0.06912480202123095,3.513556591642165,39,6,2.8127368519964934e-05,2.0697742046263476,7,0.5586864862458961,0.005887368141784676,20,0.18668052147953412,1,po-rapec-20260731-164126-loto-image_classification,334,0.8544427041764607
0.003317331177584639,0.22999999999999998,0.04346125313598127,0.017499272480562156,0.1019427916279264,0.003317331177584639,0.22999999999999998,0.04346125313598127,0.0,-0.0027052939757986508,0.7783673705111724,192,9,9,0.007273075554029418,0.23803736491056932,6.004202571343182,32,17,2.4985243340217648e-05,0.8679541744607753,3,0.6940850200971943,0.007657144237907481,18,0.17545332051181672,1,po-rapec-20260731-164126-loto-image_classification,339,0.7783673705111724
0.005661666666666639,0.24166666666666667,0.059298212734436195,0.028449999999999975,0.08985427459811403,0.005661666666666639,0.24166666666666667,0.059298212734436195,0.0,-0.001025293975798747,0.7930645632361258,192,4,15,0.41452381737976907,0.21135124934810945,2.6496537337886323,21,17,6.103466345186053e-05,0.7626326912820992,3,0.14137008226065217,0.07951135592238279,24,0.1413933032323315,1,po-rapec-20260731-164126-loto-image_classification,343,0.7930645632361258
0.0031154349297529325,0.23666666666666666,0.052832538259866675,0.01672239439069917,0.09554470536967802,0.0031154349297529325,0.23666666666666666,0.052832538259866675,0.0,-0.002505293975798673,0.743811845035123,128,12,11,0.38309495915804653,0.4089166320523481,4.414303330410867,32,13,1.4991935286786222e-05,0.8679541744607753,7,0.7152504690830501,0.017745565306338872,18,0.18668052147953412,1,po-rapec-20260731-164126-loto-image_classification,354,0.743811845035123
0.0004317286013093835,0.26666666666666666,0.05954699389760494,0.002390371607856323,0.06491222900869842,0.0004317286013093835,0.26666666666666666,0.05954699389760494,0.0,-0.002505293975798673,0.42771491142751156,128,12,11,0.38309495915804653,0.23803736491056932,4.414303330410867,32,13,1.406552743547534e-05,0.8697313713390136,5,0.7152504690830501,0.019809241582800848,18,0.17545332051181672,1,po-rapec-20260731-164126-loto-image_classification,357,0.42771491142751156
0.005989206499928716,0.21833333333333335,0.040168677452863046,0.028449999999999975,0.11433565641150195,0.005989206499928716,0.21833333333333335,0.040168677452863046,0.0,-0.0027052939757986508,0.7930645632361258,96,6,8,0.7050165072517541,0.10527093496354123,6.359017751113669,26,6,6.228178544372028e-06,1.2160346269051154,8,0.6744736674180155,0.0038265241338148615,20,0.3676820653546015,1,po-rapec-20260731-164126-loto-image_classification,411,0.7930645632361258
0.000279999999999984,0.3016666666666667,0.0,0.0016799999999999038,0.03096282794977206,0.000279999999999984,0.3016666666666667,0.0,0.0,-0.001025293975798747,0.6210045987715395,128,3,11,0.38309495915804653,0.21135124934810945,4.414303330410867,32,13,1.406552743547534e-05,0.8697313713390136,5,0.7152504690830501,0.019809241582800848,24,0.17545332051181672,1,po-rapec-20260731-164126-loto-image_classification,428,0.6210045987715395
0.0011007390803186394,0.2383333333333333,0.05061530202997033,0.006604434481911836,0.09438334208754462,0.0011007390803186394,0.2383333333333333,0.05061530202997033,0.0,-0.0013126738372078069,0.834197817650451,128,12,11,0.38309495915804653,0.4089166320523481,4.414303330410867,32,13,4.4223660819557115e-05,0.8679541744607753,7,0.7152504690830501,0.017745565306338872,24,0.18668052147953412,1,po-rapec-20260731-164126-loto-image_classification,430,0.834197817650451
0.005661666666666639,0.24166666666666667,0.059298212734436195,0.028449999999999975,0.08985427459811403,0.005661666666666639,0.24166666666666667,0.059298212734436195,0.0,-0.001025293975798747,0.7930645632361258,192,4,9,0.41452381737976907,0.21135124934810945,2.6496537337886323,20,6,1.4991935286786222e-05,0.868976008883811,3,0.14137008226065217,0.07951135592238279,24,0.1413933032323315,1,po-rapec-20260731-164126-loto-image_classification,447,0.7930645632361258
0.007330621117294607,0.21166666666666667,0.04913222223549357,0.028449999999999975,0.12062483837758527,0.007330621117294607,0.21166666666666667,0.04913222223549357,0.0,-0.0027052939757986508,0.7930645632361258,192,6,8,0.007273075554029418,0.21135124934810945,2.6496537337886323,30,6,6.228178544372028e-06,0.868976008883811,7,0.6834472049898949,0.0038265241338148615,20,0.3676820653546015,1,po-rapec-20260731-164126-loto-image_classification,462,0.7930645632361258
0.0031154349297529325,0.23666666666666666,0.052832538259866675,0.01672239439069917,0.09554470536967802,0.0031154349297529325,0.23666666666666666,0.052832538259866675,0.0,-0.002505293975798673,0.743811845035123,128,12,11,0.38309495915804653,0.4089166320523481,4.414303330410867,32,13,1.4991935286786222e-05,0.8679541744607753,7,0.5586864862458961,0.017745565306338872,18,0.18668052147953412,1,po-rapec-20260731-164126-loto-image_classification,465,0.743811845035123
3.333333333332966e-05,0.31333333333333335,0.0,0.00019999999999997797,0.019284276458627302,3.333333333332966e-05,0.31333333333333335,0.0,0.0,-0.002505293975798673,0.07392911890136983,192,3,15,0.007273075554029418,0.21135124934810945,7.936145344804369,29,12,6.228178544372028e-06,0.868976008883811,3,0.6834472049898949,0.007657144237907481,20,0.1413933032323315,1,po-rapec-20260731-164126-loto-image_classification,468,0.07392911890136983
0.0031154349297529325,0.23666666666666666,0.052832538259866675,0.01672239439069917,0.09554470536967802,0.0031154349297529325,0.23666666666666666,0.052832538259866675,0.0,-0.002505293975798673,0.743811845035123,128,12,11,0.38309495915804653,0.4089166320523481,4.414303330410867,32,13,1.4991935286786222e-05,0.8679541744607753,7,0.7152504690830501,0.017745565306338872,18,0.18668052147953412,1,po-rapec-20260731-164126-loto-image_classification,474,0.743811845035123
0.005989206499928716,0.21833333333333335,0.040168677452863046,0.028449999999999975,0.11433565641150195,0.005989206499928716,0.21833333333333335,0.040168677452863046,0.0,-0.0027052939757986508,0.7930645632361258,96,6,8,0.34532934090191253,0.10527093496354123,4.048100721365574,26,6,6.228178544372028e-06,1.2160346269051154,8,0.6744736674180155,0.0038265241338148615,20,0.3676820653546015,1,po-rapec-20260731-164126-loto-image_classification,478,0.7930645632361258
0.001247539833262053,0.25666666666666665,0.02873030085689409,0.007485238999572319,0.07641369554951066,0.001247539833262053,0.25666666666666665,0.02873030085689409,0.0,-0.0027052939757986508,0.3329433154559131,64,10,15,0.5291873770855049,0.4089166320523481,7.542044349045726,36,13,1.2321180558375756e-06,0.8679541744607753,8,0.6940850200971943,0.017745565306338872,20,0.17545332051181672,1,po-rapec-20260731-164126-loto-image_classification,480,0.3329433154559131
0.0031154349297529325,0.23666666666666666,0.052832538259866675,0.01672239439069917,0.09554470536967802,0.0031154349297529325,0.23666666666666666,0.052832538259866675,0.0,-0.002505293975798673,0.743811845035123,128,12,11,0.38309495915804653,0.4089166320523481,4.414303330410867,32,13,1.4991935286786222e-05,0.8679541744607753,7,0.7152504690830501,0.017745565306338872,18,0.18668052147953412,1,po-rapec-20260731-164126-loto-image_classification,495,0.743811845035123
0.005661666666666639,0.24166666666666667,0.059298212734436195,0.028449999999999975,0.08985427459811403,0.005661666666666639,0.24166666666666667,0.059298212734436195,0.0,-0.001025293975798747,0.7930645632361258,192,4,9,0.38309495915804653,0.4089166320523481,2.6496537337886323,20,13,1.4991935286786222e-05,0.868976008883811,3,0.7152504690830501,0.07951135592238279,24,0.1413933032323315,1,po-rapec-20260731-164126-loto-image_classification,499,0.7930645632361258
0.0006065302596109009,0.2866666666666667,0.0,0.003639181557665405,0.04151510146035806,0.0006065302596109009,0.2866666666666667,0.0,0.0,-0.004277926761454238,0.4596604481053848,32,12,8,0.3786786714337511,0.14728949707285816,4.945386186089685,34,10,2.3113765107812644e-06,2.6767958645944034,5,0.2033119354052263,0.008707947652025838,22,0.09804758289611025,1,po-rapec-20260731-164126-loto-object_detection,27,0.4596604481053848
0.0035230756730379267,0.21833333333333335,0.0,0.017499272480562156,0.10968354187568403,0.0035230756730379267,0.21833333333333335,0.0,0.0,-0.004277926761454238,0.7783673705111724,64,5,6,0.6936178334126443,0.09806087593456976,6.1461809776615635,29,12,8.21992927149133e-06,1.1643912007840354,5,0.5973022972584663,0.00956126422558503,18,0.2441259122753578,1,po-rapec-20260731-164126-loto-object_detection,70,0.7783673705111724
0.0035230756730379267,0.21833333333333335,0.0,0.017499272480562156,0.10968354187568403,0.0035230756730379267,0.21833333333333335,0.0,0.0,-0.004277926761454238,0.7783673705111724,64,5,6,0.6936178334126443,0.09806087593456976,6.1461809776615635,36,12,8.21992927149133e-06,1.1643912007840354,5,0.5973022972584663,0.00956126422558503,18,0.2441259122753578,1,po-rapec-20260731-164126-loto-object_detection,103,0.7783673705111724
0.001247539833262053,0.275,0.0,0.007485238999572319,0.05344736944625828,0.001247539833262053,0.275,0.0,0.0,-0.005588702998168535,0.3329433154559131,96,9,6,0.7892191532663276,0.09806087593456976,6.1461809776615635,10,6,8.21992927149133e-06,1.1643912007840354,8,0.7066447202974404,0.0080881376724591,18,0.3524688067385389,1,po-rapec-20260731-164126-loto-object_detection,133,0.3329433154559131
0.0013758602352822887,0.25333333333333335,0.02469802422738527,0.004628239919756805,0.0735906904846569,0.0013758602352822887,0.25333333333333335,0.02469802422738527,0.0,-0.0019761244833209624,0.6464073177679052,96,14,13,0.09419999960135171,0.22249716324955404,2.7584775441454115,18,12,8.893585234985786e-05,0.7113319796648119,5,0.27815308632588565,0.008485904383522336,9,0.2441259122753578,1,po-rapec-20260731-164126-loto-object_detection,182,0.6464073177679052
0.0007713733199594675,0.29333333333333333,0.0,0.004628239919756805,0.034924087798227456,0.0007713733199594675,0.29333333333333333,0.0,0.0,-0.005588702998168535,0.20586404037296388,96,10,10,0.4445614221924992,0.3652175397193492,2.7481259522338917,34,12,0.000578164871361237,0.6588043345268373,5,0.7794404056863412,0.0017934414957361169,22,0.1657301947280217,1,po-rapec-20260731-164126-loto-object_detection,192,0.20586404037296388
0.0006065302596109009,0.2866666666666667,0.0,0.003639181557665405,0.04151510146035806,0.0006065302596109009,0.2866666666666667,0.0,0.0,-0.004277926761454238,0.4596604481053848,32,12,8,0.3786786714337511,0.14728949707285816,4.945386186089685,34,10,3.87485654323248e-06,2.6767958645944034,5,0.2033119354052263,0.008707947652025838,22,0.09804758289611025,1,po-rapec-20260731-164126-loto-object_detection,199,0.4596604481053848
0.00016453503413536158,0.30833333333333335,0.0,0.0009728672277228151,0.01969949917307365,0.00016453503413536158,0.30833333333333335,0.0,0.0,-0.00461583577044572,0.1740774609138528,96,9,6,0.12153135714763988,0.09806087593456976,6.1461809776615635,20,6,8.893585234985786e-05,1.1643912007840354,3,0.4244071832868004,0.002063747644353726,18,0.11702302497620454,1,po-rapec-20260731-164126-loto-object_detection,231,0.1740774609138528
0.0035230756730379267,0.21833333333333335,0.0,0.017499272480562156,0.10968354187568403,0.0035230756730379267,0.21833333333333335,0.0,0.0,-0.004277926761454238,0.7783673705111724,64,5,6,0.6936178334126443,0.09806087593456976,6.1461809776615635,36,12,8.21992927149133e-06,1.1643912007840354,5,0.5973022972584663,0.00956126422558503,18,0.2441259122753578,1,po-rapec-20260731-164126-loto-object_detection,268,0.7783673705111724
0.004652714246220257,0.17,0.11154958048865476,0.017499272480562156,0.15695571465378919,0.004652714246220257,0.17,0.11154958048865476,0.0,-0.0013126738372078069,0.834197817650451,128,11,5,0.5513041670480958,0.14728949707285816,6.1461809776615635,32,7,2.3113765107812644e-06,0.9008712249171811,3,0.3943123601335786,0.06530030839330797,14,0.09804758289611025,1,po-rapec-20260731-164126-loto-object_detection,278,0.834197817650451
0.00340360012370901,0.22833333333333336,0.03449220181304469,0.01672239439069917,0.09857308602183174,0.00340360012370901,0.22833333333333336,0.03449220181304469,0.0,-0.0019761244833209624,0.743811845035123,128,9,13,0.014199398019748056,0.09806087593456976,2.144285649022976,10,7,8.21992927149133e-06,0.725695868256943,8,0.27025645956524325,0.0080881376724591,9,0.2441259122753578,1,po-rapec-20260731-164126-loto-object_detection,300,0.743811845035123
0.0005195581522172329,0.3016666666666667,0.0,0.003117348913303397,0.026584074044143872,0.0005195581522172329,0.3016666666666667,0.0,0.0,-0.005588702998168535,0.13865963166806336,128,8,13,0.6936178334126443,0.09806087593456976,6.1461809776615635,36,7,8.21992927149133e-06,1.1643912007840354,3,0.3943123601335786,0.06530030839330797,14,0.09804758289611025,1,po-rapec-20260731-164126-loto-object_detection,316,0.13865963166806336
0.0013758602352822887,0.25333333333333335,0.02469802422738527,0.004628239919756805,0.0735906904846569,0.0013758602352822887,0.25333333333333335,0.02469802422738527,0.0,-0.0019761244833209624,0.6464073177679052,96,14,13,0.09419999960135171,0.22249716324955404,2.7584775441454115,18,12,8.893585234985786e-05,0.7113319796648119,5,0.27815308632588565,0.008485904383522336,9,0.2441259122753578,1,po-rapec-20260731-164126-loto-object_detection,318,0.6464073177679052
0.002721150731888611,0.24,0.01473095227908718,0.013922189806385987,0.08703338547765004,0.002721150731888611,0.24,0.01473095227908718,0.0,-0.003198331390312212,0.6192587882376919,128,14,13,0.6936178334126443,0.25035666111283517,6.1461809776615635,18,7,8.893585234985786e-05,1.1643912007840354,7,0.3943123601335786,0.06530030839330797,14,0.09804758289611025,1,po-rapec-20260731-164126-loto-object_detection,325,0.6192587882376919
0.0011360925441430483,0.26,0.03449220181304469,0.0036125785148475725,0.0667338605834054,0.0011360925441430483,0.26,0.03449220181304469,0.0,-0.0019761244833209624,0.6464073177679052,128,11,15,0.014199398019748056,0.16424735823111047,2.144285649022976,10,7,1.3051561307268949e-05,0.58590616364732,8,0.27025645956524325,0.0080881376724591,9,0.1287806449711737,1,po-rapec-20260731-164126-loto-object_detection,327,0.6464073177679052
0.004619380912886928,0.17833333333333334,0.09714786070953466,0.017499272480562156,0.1488805496990537,0.004619380912886928,0.17833333333333334,0.09714786070953466,0.0,-0.0013126738372078069,0.834197817650451,128,14,3,0.5513041670480958,0.14728949707285816,6.1461809776615635,32,7,4.714649581161684e-05,0.7113319796648119,5,0.27815308632588565,0.06530030839330797,13,0.2441259122753578,1,po-rapec-20260731-164126-loto-object_detection,338,0.834197817650451
0.001542575697898461,0.255,0.0,0.007485238999572319,0.07323580912514029,0.001542575697898461,0.255,0.0,0.0,-0.003818487810350088,0.3329433154559131,96,9,10,0.008561405614695662,0.3652175397193492,1.5136899631293677,10,6,8.893585234985786e-05,0.7113319796648119,8,0.5631594833976918,0.0080881376724591,18,0.21384591313187812,1,po-rapec-20260731-164126-loto-object_detection,339,0.3329433154559131
0.00039839526797605385,0.2916666666666667,0.00966038564895008,0.002390371607856323,0.035204732347897776,0.00039839526797605385,0.2916666666666667,0.00966038564895008,0.0,-0.003198331390312212,0.42771491142751156,96,14,13,0.008561405614695662,0.08001911475476242,2.7584775441454115,18,10,8.893585234985786e-05,0.7113319796648119,7,0.42238691798829675,0.02242927045965892,15,0.2441259122753578,1,po-rapec-20260731-164126-loto-object_detection,341,0.42771491142751156
0.0035330798053528414,0.21833333333333335,0.03930456769269153,0.017499272480562156,0.10891314669389866,0.0035330798053528414,0.21833333333333335,0.03930456769269153,0.0,-0.0019761244833209624,0.7783673705111724,96,9,10,0.014199398019748056,0.09806087593456976,1.5136899631293677,32,10,0.0003054824486747329,0.725695868256943,7,0.27815308632588565,0.008485904383522336,9,0.2441259122753578,1,po-rapec-20260731-164126-loto-object_detection,347,0.7783673705111724
0.0002950358646364078,0.305,0.0,0.0017702151878184469,0.022737871944675164,0.0002950358646364078,0.305,0.0,0.0,-0.003818487810350088,0.31674883929215086,128,15,15,0.34065394517985664,0.3652175397193492,6.1461809776615635,32,10,1.3051561307268949e-05,0.58590616364732,8,0.27815308632588565,0.008485904383522336,15,0.2441259122753578,1,po-rapec-20260731-164126-loto-object_detection,350,0.31674883929215086
0.0005195581522172329,0.3016666666666667,0.0,0.003117348913303397,0.026584074044143872,0.0005195581522172329,0.3016666666666667,0.0,0.0,-0.005588702998168535,0.13865963166806336,128,8,13,0.6936178334126443,0.09806087593456976,6.1461809776615635,36,7,8.21992927149133e-06,1.1643912007840354,3,0.3943123601335786,0.06530030839330797,14,0.09804758289611025,1,po-rapec-20260731-164126-loto-object_detection,361,0.13865963166806336
0.004652714246220257,0.17,0.11154958048865476,0.017499272480562156,0.15695571465378919,0.004652714246220257,0.17,0.11154958048865476,0.0,-0.0013126738372078069,0.834197817650451,128,11,5,0.5513041670480958,0.14728949707285816,6.1461809776615635,32,7,2.3113765107812644e-06,0.9008712249171811,3,0.3943123601335786,0.06530030839330797,14,0.09804758289611025,1,po-rapec-20260731-164126-loto-object_detection,365,0.834197817650451
0.0,0.31833333333333336,0.0,0.0,0.010031475662136592,0.0,0.31833333333333336,0.0,0.0,-0.005588702998168535,0.0,96,14,13,0.008561405614695662,0.08001911475476242,2.7584775441454115,18,10,8.893585234985786e-05,0.7113319796648119,7,0.42238691798829675,0.008485904383522336,15,0.21384591313187812,1,po-rapec-20260731-164126-loto-object_detection,367,0.0
0.0006065302596109009,0.2866666666666667,0.0,0.003639181557665405,0.04151510146035806,0.0006065302596109009,0.2866666666666667,0.0,0.0,-0.004277926761454238,0.4596604481053848,32,12,8,0.3786786714337511,0.14728949707285816,2.7584775441454115,18,10,4.714649581161684e-05,2.6767958645944034,5,0.27815308632588565,0.008485904383522336,22,0.09804758289611025,1,po-rapec-20260731-164126-loto-object_detection,372,0.4596604481053848
0.0002950358646364078,0.305,0.0,0.0017702151878184469,0.022737871944675164,0.0002950358646364078,0.305,0.0,0.0,-0.003818487810350088,0.31674883929215086,96,14,14,0.09419999960135171,0.16574109365200435,6.1461809776615635,18,12,1.6965549574321524e-06,0.7113319796648119,8,0.42238691798829675,0.008485904383522336,15,0.2441259122753578,1,po-rapec-20260731-164126-loto-object_detection,376,0.31674883929215086
0.0007881476351141795,0.28833333333333333,0.0,0.003117348913303397,0.039623395325575586,0.0007881476351141795,0.28833333333333333,0.0,0.0,-0.003977166100786855,0.2883561531020335,32,9,3,0.3786786714337511,0.14728949707285816,6.1461809776615635,34,10,4.714649581161684e-05,2.6767958645944034,5,0.7066447202974404,0.033631078562819244,15,0.09804758289611025,1,po-rapec-20260731-164126-loto-object_detection,385,0.2883561531020335
0.0006065302596109009,0.2866666666666667,0.0,0.003639181557665405,0.04151510146035806,0.0006065302596109009,0.2866666666666667,0.0,0.0,-0.004277926761454238,0.4596604481053848,32,12,8,0.3786786714337511,0.14728949707285816,6.1461809776615635,32,7,2.3113765107812644e-06,0.7113319796648119,5,0.27815308632588565,0.06530030839330797,22,0.09804758289611025,1,po-rapec-20260731-164126-loto-object_detection,396,0.4596604481053848
0.0002709799790785057,0.3066666666666667,0.0,0.0016115368973816796,0.02128772483819358,0.0002709799790785057,0.3066666666666667,0.0,0.0,-0.003977166100786855,0.2883561531020335,128,10,6,0.6936178334126443,0.1614965037659679,6.1461809776615635,36,19,8.21992927149133e-06,1.1643912007840354,3,0.5973022972584663,0.00956126422558503,18,0.09804758289611025,1,po-rapec-20260731-164126-loto-object_detection,407,0.2883561531020335
0.0,0.31833333333333336,0.0,0.0,0.010031475662136592,0.0,0.31833333333333336,0.0,0.0,-0.005588702998168535,0.0,96,14,13,0.008561405614695662,0.08001911475476242,2.7584775441454115,18,10,8.893585234985786e-05,0.7113319796648119,7,0.42238691798829675,0.008485904383522336,15,0.21384591313187812,1,po-rapec-20260731-164126-loto-object_detection,422,0.0
0.0002950358646364078,0.305,0.0,0.0017702151878184469,0.022737871944675164,0.0002950358646364078,0.305,0.0,0.0,-0.003818487810350088,0.31674883929215086,96,14,14,0.008561405614695662,0.16574109365200435,6.1461809776615635,18,10,1.6965549574321524e-06,0.7113319796648119,8,0.42238691798829675,0.008485904383522336,15,0.21384591313187812,1,po-rapec-20260731-164126-loto-object_detection,423,0.31674883929215086
0.0002950358646364078,0.305,0.0,0.0017702151878184469,0.022737871944675164,0.0002950358646364078,0.305,0.0,0.0,-0.003818487810350088,0.31674883929215086,96,14,14,0.09419999960135171,0.22249716324955404,2.7584775441454115,18,12,1.6965549574321524e-06,0.7113319796648119,8,0.27815308632588565,0.008485904383522336,15,0.2441259122753578,1,po-rapec-20260731-164126-loto-object_detection,430,0.31674883929215086
0.004125172092179189,0.18666666666666668,0.10641420560413446,0.017499272480562156,0.14041550722155946,0.004125172092179189,0.18666666666666668,0.10641420560413446,0.0,-0.0019761244833209624,0.7783673705111724,96,14,13,0.5513041670480958,0.08001911475476242,2.7584775441454115,32,10,2.3113765107812644e-06,0.6184756504269193,2,0.3943123601335786,0.06530030839330797,14,0.09804758289611025,1,po-rapec-20260731-164126-loto-object_detection,432,0.7783673705111724
0.0002950358646364078,0.305,0.0,0.0017702151878184469,0.022737871944675164,0.0002950358646364078,0.305,0.0,0.0,-0.003818487810350088,0.31674883929215086,64,14,6,0.09419999960135171,0.09806087593456976,6.1461809776615635,36,12,0.00020086606904802398,0.7113319796648119,5,0.42238691798829675,0.008485904383522336,18,0.2441259122753578,1,po-rapec-20260731-164126-loto-object_detection,439,0.31674883929215086
0.0002709799790785057,0.3066666666666667,0.0,0.0016115368973816796,0.02128772483819358,0.0002709799790785057,0.3066666666666667,0.0,0.0,-0.003977166100786855,0.2883561531020335,128,10,6,0.09419999960135171,0.1614965037659679,6.1461809776615635,36,19,0.00020086606904802398,0.7113319796648119,3,0.42238691798829675,0.008485904383522336,18,0.09804758289611025,1,po-rapec-20260731-164126-loto-object_detection,441,0.2883561531020335
0.002721150731888611,0.24,0.01473095227908718,0.013922189806385987,0.08703338547765004,0.002721150731888611,0.24,0.01473095227908718,0.0,-0.003198331390312212,0.6192587882376919,96,9,13,0.014199398019748056,0.269283931896336,4.286924794337882,36,7,8.21992927149133e-06,0.725695868256943,7,0.3943123601335786,0.008485904383522336,14,0.3948644775421796,1,po-rapec-20260731-164126-loto-object_detection,442,0.6192587882376919
0.0005195581522172329,0.3016666666666667,0.0,0.003117348913303397,0.026584074044143872,0.0005195581522172329,0.3016666666666667,0.0,0.0,-0.005588702998168535,0.13865963166806336,96,9,5,0.12153135714763988,0.14728949707285816,6.1461809776615635,20,7,2.3113765107812644e-06,0.9008712249171811,3,0.3943123601335786,0.002063747644353726,14,0.09804758289611025,1,po-rapec-20260731-164126-loto-object_detection,445,0.13865963166806336
0.001121654571358495,0.27,0.004748880144070718,0.0036125785148475725,0.056819420027080736,0.001121654571358495,0.27,0.004748880144070718,0.0,-0.0019761244833209624,0.6464073177679052,96,9,13,0.008561405614695662,0.09806087593456976,2.144285649022976,18,10,8.21992927149133e-06,0.5595589236813782,8,0.5321695403947068,0.008485904383522336,9,0.21384591313187812,1,po-rapec-20260731-164126-loto-object_detection,454,0.6464073177679052
0.0035330798053528414,0.21833333333333335,0.03930456769269153,0.017499272480562156,0.10891314669389866,0.0035330798053528414,0.21833333333333335,0.03930456769269153,0.0,-0.0019761244833209624,0.7783673705111724,128,14,13,0.09419999960135171,0.22249716324955404,2.7584775441454115,18,12,8.893585234985786e-05,0.725695868256943,5,0.27025645956524325,0.0080881376724591,11,0.2441259122753578,1,po-rapec-20260731-164126-loto-object_detection,456,0.7783673705111724
0.0027705996175228695,0.23,0.05436575461056928,0.013922189806385987,0.09731560630606088,0.0027705996175228695,0.23,0.05436575461056928,0.0,-0.003198331390312212,0.6192587882376919,32,14,6,0.3786786714337511,0.14728949707285816,6.1461809776615635,36,12,2.3113765107812644e-06,0.7113319796648119,5,0.42238691798829675,0.06530030839330797,18,0.09804758289611025,1,po-rapec-20260731-164126-loto-object_detection,457,0.6192587882376919
0.004125172092179189,0.18666666666666668,0.10641420560413446,0.017499272480562156,0.14041550722155946,0.004125172092179189,0.18666666666666668,0.10641420560413446,0.0,-0.0019761244833209624,0.7783673705111724,96,14,13,0.5513041670480958,0.08001911475476242,2.7584775441454115,32,10,0.00018679759913425937,0.6184756504269193,2,0.3943123601335786,0.06530030839330797,14,0.09804758289611025,1,po-rapec-20260731-164126-loto-object_detection,463,0.7783673705111724
0.0027187602357070517,0.24333333333333332,0.00966038564895008,0.013922189806385987,0.08388816173421837,0.0027187602357070517,0.24333333333333332,0.00966038564895008,0.0,-0.003198331390312212,0.6192587882376919,96,14,13,0.7892191532663276,0.4119866683968176,6.1461809776615635,10,14,8.21992927149133e-06,1.008789569726333,8,0.7066447202974404,0.06530030839330797,14,0.09804758289611025,1,po-rapec-20260731-164126-loto-object_detection,467,0.6192587882376919
0.0035230756730379267,0.21833333333333335,0.0,0.017499272480562156,0.10968354187568403,0.0035230756730379267,0.21833333333333335,0.0,0.0,-0.004277926761454238,0.7783673705111724,64,5,6,0.6936178334126443,0.09806087593456976,6.1461809776615635,36,12,6.51086049993508e-05,1.1643912007840354,5,0.5973022972584663,0.00956126422558503,18,0.2441259122753578,1,po-rapec-20260731-164126-loto-object_detection,476,0.7783673705111724
0.0002709799790785057,0.3066666666666667,0.0,0.0016115368973816796,0.02128772483819358,0.0002709799790785057,0.3066666666666667,0.0,0.0,-0.003977166100786855,0.2883561531020335,128,9,6,0.014199398019748056,0.09806087593456976,6.1461809776615635,10,6,8.893585234985786e-05,0.725695868256943,3,0.4244071832868004,0.0080881376724591,18,0.11702302497620454,1,po-rapec-20260731-164126-loto-object_detection,477,0.2883561531020335
0.00016214453795380251,0.3116666666666667,0.0,0.0009728672277228151,0.01637214179473483,0.00016214453795380251,0.3116666666666667,0.0,0.0,-0.00461583577044572,0.1740774609138528,32,14,13,0.09419999960135171,0.22249716324955404,2.7584775441454115,18,7,2.3113765107812644e-06,0.7113319796648119,5,0.27815308632588565,0.008485904383522336,9,0.2441259122753578,1,po-rapec-20260731-164126-loto-object_detection,483,0.1740774609138528
0.0011360925441430483,0.26,0.03449220181304469,0.0036125785148475725,0.0667338605834054,0.0011360925441430483,0.26,0.03449220181304469,0.0,-0.0019761244833209624,0.6464073177679052,96,9,10,0.008561405614695662,0.09806087593456976,2.1256228454268635,18,10,0.0003054824486747329,0.5595589236813782,8,0.27815308632588565,0.008485904383522336,9,0.21384591313187812,1,po-rapec-20260731-164126-loto-object_detection,484,0.6464073177679052
0.0013758602352822887,0.25333333333333335,0.02469802422738527,0.004628239919756805,0.0735906904846569,0.0013758602352822887,0.25333333333333335,0.02469802422738527,0.0,-0.0019761244833209624,0.6464073177679052,96,14,13,0.09419999960135171,0.22249716324955404,2.7584775441454115,18,12,8.893585234985786e-05,0.7113319796648119,5,0.27815308632588565,0.008485904383522336,9,0.2441259122753578,1,po-rapec-20260731-164126-loto-object_detection,487,0.6464073177679052
0.0035330798053528414,0.21833333333333335,0.03930456769269153,0.017499272480562156,0.10891314669389866,0.0035330798053528414,0.21833333333333335,0.03930456769269153,0.0,-0.0019761244833209624,0.7783673705111724,96,9,10,0.014199398019748056,0.09806087593456976,1.5136899631293677,32,10,0.0003054824486747329,0.725695868256943,7,0.27815308632588565,0.008485904383522336,9,0.2441259122753578,1,po-rapec-20260731-164126-loto-object_detection,488,0.7783673705111724
0.0009949349745825564,0.27499999999999997,0.0,0.0035792382396390154,0.05232947027524173,0.0009949349745825564,0.27499999999999997,0.0,0.0,-0.003198331390312212,0.42771491142751156,32,9,6,0.014199398019748056,0.14728949707285816,6.1461809776615635,32,10,2.3113765107812644e-06,0.7113319796648119,5,0.27815308632588565,0.008485904383522336,10,0.09804758289611025,1,po-rapec-20260731-164126-loto-object_detection,489,0.42771491142751156
0.0008169845130351997,0.2783333333333333,0.02469802422738527,0.003117348913303397,0.049788706374976975,0.0008169845130351997,0.2783333333333333,0.02469802422738527,0.0,-0.003818487810350088,0.31674883929215086,96,9,13,0.014199398019748056,0.25035666111283517,1.5136899631293677,18,7,8.893585234985786e-05,1.1643912007840354,5,0.27815308632588565,0.008485904383522336,14,0.09804758289611025,1,po-rapec-20260731-164126-loto-object_detection,492,0.31674883929215086
0.001645935101238107,0.245,0.00966038564895008,0.007485238999572319,0.08223511809846391,0.001645935101238107,0.245,0.00966038564895008,0.0,-0.003198331390312212,0.42771491142751156,128,9,13,0.6936178334126443,0.09806087593456976,6.1461809776615635,10,7,1.7944401947937375e-06,0.725695868256943,8,0.3943123601335786,0.06530030839330797,14,0.2061171386779349,1,po-rapec-20260731-164126-loto-object_detection,493,0.42771491142751156
0.002721150731888611,0.24,0.01473095227908718,0.013922189806385987,0.08703338547765004,0.002721150731888611,0.24,0.01473095227908718,0.0,-0.003198331390312212,0.6192587882376919,96,9,5,0.12153135714763988,0.14728949707285816,6.1461809776615635,20,7,2.3113765107812644e-06,0.725695868256943,7,0.3943123601335786,0.008485904383522336,14,0.2441259122753578,1,po-rapec-20260731-164126-loto-object_detection,494,0.6192587882376919
0.0,0.22833333333333336,0.0,0.0,0.01592370724449025,0.0,0.22833333333333336,0.0,0.0,-0.0027052939757986508,0.0,96,7,8,0.4262100611827209,0.18645380058704547,6.965905607498048,8,17,2.438395734313396e-06,0.7597511907968628,5,0.2197567049694901,0.04852899908187486,22,0.11390710032579149,1,po-rapec-20260731-164126-loto-semantic_segmentation,12,0.0
0.000279999999999984,0.21166666666666667,0.0,0.0016799999999999038,0.03265140080681878,0.000279999999999984,0.21166666666666667,0.0,0.0,-0.001025293975798747,0.6210045987715395,192,11,8,0.5663649656336952,0.18645380058704547,4.204436622432451,29,14,2.438395734313396e-06,0.7597511907968628,8,0.44998010697159063,0.04852899908187486,22,0.11390710032579149,1,po-rapec-20260731-164126-loto-semantic_segmentation,109,0.6210045987715395
3.333333333332966e-05,0.22,0.0,0.00019999999999997797,0.024312334851508268,3.333333333332966e-05,0.22,0.0,0.0,-0.002505293975798673,0.07392911890136983,128,5,11,0.24211087331992986,0.3001619086369836,7.962428486211424,23,11,0.00035628344573909016,0.5129114393475593,8,0.2888978289476148,0.00836740699872152,17,0.21701554877729756,1,po-rapec-20260731-164126-loto-semantic_segmentation,278,0.07392911890136983
0.0,0.22833333333333336,0.0,0.0,0.01592370724449025,0.0,0.22833333333333336,0.0,0.0,-0.0027052939757986508,0.0,192,11,14,0.8362472766983152,0.38936695488268924,4.204436622432451,29,18,7.361996320107113e-06,0.7597511907968628,8,0.44998010697159063,0.04852899908187486,22,0.11390710032579149,1,po-rapec-20260731-164126-loto-semantic_segmentation,287,0.0
0.0,0.22833333333333336,0.0,0.0,0.01592370724449025,0.0,0.22833333333333336,0.0,0.0,-0.0027052939757986508,0.0,96,7,8,0.4262100611827209,0.18645380058704547,6.965905607498048,8,17,2.438395734313396e-06,0.7597511907968628,5,0.2197567049694901,0.04852899908187486,22,0.11390710032579149,1,po-rapec-20260731-164126-loto-semantic_segmentation,312,0.0
0.0,0.22833333333333336,0.0,0.0,0.01592370724449025,0.0,0.22833333333333336,0.0,0.0,-0.0027052939757986508,0.0,96,11,8,0.5663649656336952,0.18645380058704547,4.204436622432451,29,14,4.173798661891048e-05,2.7212683491065457,8,0.41174995744798226,0.0018889214735796614,22,0.11390710032579149,1,po-rapec-20260731-164126-loto-semantic_segmentation,320,0.0
0.0,0.22833333333333336,0.0,0.0,0.01592370724449025,0.0,0.22833333333333336,0.0,0.0,-0.0027052939757986508,0.0,192,7,11,0.8362472766983152,0.38936695488268924,4.204436622432451,23,17,2.438395734313396e-06,0.7597511907968628,5,0.2197567049694901,0.04852899908187486,22,0.10853273107478612,1,po-rapec-20260731-164126-loto-semantic_segmentation,364,0.0
0.0,0.22833333333333336,0.0,0.0,0.01592370724449025,0.0,0.22833333333333336,0.0,0.0,-0.0027052939757986508,0.0,192,7,14,0.8362472766983152,0.38936695488268924,4.204436622432451,8,18,8.880904282013478e-06,0.7597511907968628,5,0.2197567049694901,0.04852899908187486,22,0.11390710032579149,1,po-rapec-20260731-164126-loto-semantic_segmentation,366,0.0
0.000279999999999984,0.21166666666666667,0.0,0.0016799999999999038,0.03265140080681878,0.000279999999999984,0.21166666666666667,0.0,0.0,-0.001025293975798747,0.6210045987715395,192,12,8,0.5663649656336952,0.38936695488268924,4.204436622432451,34,18,1.827920072142057e-05,0.7597511907968628,8,0.4255964694571055,0.044287700138903444,22,0.11390710032579149,1,po-rapec-20260731-164126-loto-semantic_segmentation,373,0.6210045987715395
0.0,0.22833333333333336,0.0,0.0,0.01592370724449025,0.0,0.22833333333333336,0.0,0.0,-0.0027052939757986508,0.0,96,11,8,0.5663649656336952,0.18645380058704547,1.587462369848445,29,14,4.173798661891048e-05,2.7212683491065457,8,0.41174995744798226,0.07612736537103766,22,0.11390710032579149,1,po-rapec-20260731-164126-loto-semantic_segmentation,379,0.0
0.0,0.22833333333333336,0.0,0.0,0.01592370724449025,0.0,0.22833333333333336,0.0,0.0,-0.0027052939757986508,0.0,192,4,9,0.8362472766983152,0.18645380058704547,4.204436622432451,29,6,0.00035628344573909016,0.7597511907968628,5,0.41174995744798226,0.04852899908187486,16,0.11390710032579149,1,po-rapec-20260731-164126-loto-semantic_segmentation,383,0.0
0.0006399999999999925,0.20833333333333334,0.0,0.0038399999999999546,0.035689778155968986,0.0006399999999999925,0.20833333333333334,0.0,0.0,-0.0027052939757986508,0.4150963574623157,128,7,14,0.8362472766983152,0.38936695488268924,4.204436622432451,34,18,6.297661667766508e-06,2.9339606535698497,5,0.4255964694571055,0.044287700138903444,22,0.09778869553992958,1,po-rapec-20260731-164126-loto-semantic_segmentation,395,0.4150963574623157
0.0,0.22833333333333336,0.0,0.0,0.01592370724449025,0.0,0.22833333333333336,0.0,0.0,-0.0027052939757986508,0.0,128,14,14,0.6877848597312333,0.3001619086369836,7.962428486211424,27,17,6.297661667766508e-06,0.9566752024279961,8,0.4255964694571055,0.044287700138903444,22,0.1029285288006275,1,po-rapec-20260731-164126-loto-semantic_segmentation,402,0.0
0.0,0.22833333333333336,0.0,0.0,0.01592370724449025,0.0,0.22833333333333336,0.0,0.0,-0.0027052939757986508,0.0,96,11,8,0.5663649656336952,0.18645380058704547,1.587462369848445,17,17,7.575312051894802e-05,0.9566752024279961,8,0.3924992225999715,0.07612736537103766,22,0.11390710032579149,1,po-rapec-20260731-164126-loto-semantic_segmentation,407,0.0
0.000279999999999984,0.21166666666666667,0.0,0.0016799999999999038,0.03265140080681878,0.000279999999999984,0.21166666666666667,0.0,0.0,-0.001025293975798747,0.6210045987715395,192,11,8,0.4262100611827209,0.18645380058704547,6.965905607498048,29,17,2.438395734313396e-06,0.7597511907968628,8,0.44998010697159063,0.04852899908187486,22,0.11390710032579149,1,po-rapec-20260731-164126-loto-semantic_segmentation,433,0.6210045987715395
0.0,0.22833333333333336,0.0,0.0,0.01592370724449025,0.0,0.22833333333333336,0.0,0.0,-0.0027052939757986508,0.0,192,11,14,0.8362472766983152,0.38936695488268924,4.204436622432451,29,18,7.361996320107113e-06,0.7597511907968628,8,0.44998010697159063,0.04852899908187486,22,0.11390710032579149,1,po-rapec-20260731-164126-loto-semantic_segmentation,434,0.0
0.0,0.22833333333333336,0.0,0.0,0.01592370724449025,0.0,0.22833333333333336,0.0,0.0,-0.0027052939757986508,0.0,192,7,8,0.4262100611827209,0.18645380058704547,6.965905607498048,29,18,2.438395734313396e-06,0.7597511907968628,5,0.7523806239776591,0.04852899908187486,22,0.11390710032579149,1,po-rapec-20260731-164126-loto-semantic_segmentation,438,0.0
0.000279999999999984,0.21166666666666667,0.0,0.0016799999999999038,0.03265140080681878,0.000279999999999984,0.21166666666666667,0.0,0.0,-0.001025293975798747,0.6210045987715395,192,11,8,0.8362472766983152,0.41418316757542556,4.204436622432451,29,18,7.361996320107113e-06,0.7597511907968628,8,0.44998010697159063,0.04852899908187486,22,0.11390710032579149,1,po-rapec-20260731-164126-loto-semantic_segmentation,444,0.6210045987715395
0.0,0.22833333333333336,0.0,0.0,0.01592370724449025,0.0,0.22833333333333336,0.0,0.0,-0.0027052939757986508,0.0,192,7,11,0.8362472766983152,0.38936695488268924,5.307403584657743,23,17,2.438395734313396e-06,0.7597511907968628,5,0.2197567049694901,0.04852899908187486,22,0.10853273107478612,1,po-rapec-20260731-164126-loto-semantic_segmentation,451,0.0
0.0,0.22833333333333336,0.0,0.0,0.01592370724449025,0.0,0.22833333333333336,0.0,0.0,-0.0027052939757986508,0.0,192,7,14,0.8362472766983152,0.38936695488268924,6.965905607498048,8,18,8.880904282013478e-06,0.7597511907968628,5,0.2197567049694901,0.04852899908187486,22,0.11390710032579149,1,po-rapec-20260731-164126-loto-semantic_segmentation,454,0.0
0.000279999999999984,0.21166666666666667,0.0,0.0016799999999999038,0.03265140080681878,0.000279999999999984,0.21166666666666667,0.0,0.0,-0.001025293975798747,0.6210045987715395,192,11,8,0.5663649656336952,0.18645380058704547,4.477759608800254,29,17,2.438395734313396e-06,1.1054319289226422,8,0.44998010697159063,0.07612736537103766,22,0.11390710032579149,1,po-rapec-20260731-164126-loto-semantic_segmentation,455,0.6210045987715395
0.0,0.22833333333333336,0.0,0.0,0.01592370724449025,0.0,0.22833333333333336,0.0,0.0,-0.0027052939757986508,0.0,96,7,8,0.4262100611827209,0.18645380058704547,6.965905607498048,8,17,2.438395734313396e-06,0.7597511907968628,5,0.2197567049694901,0.04852899908187486,22,0.11390710032579149,1,po-rapec-20260731-164126-loto-semantic_segmentation,467,0.0
0.0,0.22833333333333336,0.0,0.0,0.01592370724449025,0.0,0.22833333333333336,0.0,0.0,-0.0027052939757986508,0.0,192,4,9,0.4262100611827209,0.18645380058704547,6.965905607498048,8,10,0.00035628344573909016,0.7597511907968628,5,0.7617618589019979,0.04852899908187486,16,0.11390710032579149,1,po-rapec-20260731-164126-loto-semantic_segmentation,475,0.0
0.000279999999999984,0.21166666666666667,0.0,0.0016799999999999038,0.03265140080681878,0.000279999999999984,0.21166666666666667,0.0,0.0,-0.001025293975798747,0.6210045987715395,192,11,8,0.8362472766983152,0.18645380058704547,4.204436622432451,29,18,7.361996320107113e-06,0.7597511907968628,8,0.44998010697159063,0.04852899908187486,22,0.11390710032579149,1,po-rapec-20260731-164126-loto-semantic_segmentation,476,0.6210045987715395
0.0,0.22833333333333336,0.0,0.0,0.01592370724449025,0.0,0.22833333333333336,0.0,0.0,-0.0027052939757986508,0.0,192,7,11,0.8362472766983152,0.38936695488268924,4.204436622432451,23,17,2.438395734313396e-06,0.7597511907968628,5,0.2197567049694901,0.04852899908187486,22,0.10853273107478612,1,po-rapec-20260731-164126-loto-semantic_segmentation,481,0.0
0.0,0.22833333333333336,0.0,0.0,0.01592370724449025,0.0,0.22833333333333336,0.0,0.0,-0.0027052939757986508,0.0,192,7,8,0.4262100611827209,0.24367854485292229,2.87696576671872,8,17,2.438395734313396e-06,0.7597511907968628,5,0.7523806239776591,0.04852899908187486,22,0.11390710032579149,1,po-rapec-20260731-164126-loto-semantic_segmentation,483,0.0
0.0,0.22833333333333336,0.0,0.0,0.01592370724449025,0.0,0.22833333333333336,0.0,0.0,-0.0027052939757986508,0.0,192,11,9,0.5663649656336952,0.3001619086369836,4.204436622432451,27,17,2.438395734313396e-06,0.7597511907968628,8,0.4255964694571055,0.044287700138903444,22,0.11390710032579149,1,po-rapec-20260731-164126-loto-semantic_segmentation,490,0.0
0.0,0.22833333333333336,0.0,0.0,0.01592370724449025,0.0,0.22833333333333336,0.0,0.0,-0.0027052939757986508,0.0,32,7,8,0.4262100611827209,0.18645380058704547,6.965905607498048,29,18,2.438395734313396e-06,0.7597511907968628,5,0.7523806239776591,0.04852899908187486,22,0.11390710032579149,1,po-rapec-20260731-164126-loto-semantic_segmentation,492,0.0
0.0,0.22833333333333336,0.0,0.0,0.01592370724449025,0.0,0.22833333333333336,0.0,0.0,-0.0027052939757986508,0.0,192,11,14,0.8362472766983152,0.38936695488268924,4.204436622432451,29,18,7.361996320107113e-06,0.7597511907968628,8,0.41174995744798226,0.04852899908187486,22,0.11390710032579149,1,po-rapec-20260731-164126-loto-semantic_segmentation,496,0.0
0.00018666666666665598,0.28111111111111114,0.0,0.0016799999999999038,0.02064188529984804,0.00018666666666665598,0.28111111111111114,0.0,0.0,-0.001025293975798747,0.6210045987715395,32,7,3,0.8465688795548559,0.27217102153488776,5.798213323031431,11,15,0.00037760864200470334,1.5452523112100778,5,0.1133751943237745,0.009721796134682235,24,0.09190259775031957,1,po-rapec-20260731-164126-final-all-tasks,46,0.6210045987715395
2.2222222222219774e-05,0.2866666666666667,0.0,0.00019999999999997797,0.015084110393728596,2.2222222222219774e-05,0.2866666666666667,0.0,0.0,-0.002505293975798673,0.07392911890136983,32,15,12,0.207468365925079,0.14981561565760906,6.9104644808076054,19,20,1.4309171915459122e-06,1.478318994655364,6,0.20511581813868862,0.03145167010003499,25,0.12879596326261983,1,po-rapec-20260731-164126-final-all-tasks,62,0.07392911890136983
0.00018666666666665598,0.28111111111111114,0.0,0.0016799999999999038,0.02064188529984804,0.00018666666666665598,0.28111111111111114,0.0,0.0,-0.001025293975798747,0.6210045987715395,32,7,8,0.8465688795548559,0.27217102153488776,5.798213323031431,11,15,0.00037760864200470334,1.5452523112100778,5,0.1133751943237745,0.009721796134682235,24,0.09190259775031957,1,po-rapec-20260731-164126-final-all-tasks,101,0.6210045987715395
0.00018666666666665598,0.28111111111111114,0.0,0.0016799999999999038,0.02064188529984804,0.00018666666666665598,0.28111111111111114,0.0,0.0,-0.001025293975798747,0.6210045987715395,32,7,8,0.8465688795548559,0.27217102153488776,5.798213323031431,11,15,0.00031621436385847833,1.7948126287784496,5,0.2900269883816277,0.01026713497013773,24,0.09190259775031957,1,po-rapec-20260731-164126-final-all-tasks,150,0.6210045987715395
0.0,0.29,0.0,0.0,0.01203664164348871,0.0,0.29,0.0,0.0,-0.0027052939757986508,0.0,32,15,3,0.533903253334211,0.14981561565760906,2.1064745462514742,30,9,1.4309171915459122e-06,0.6590475889402452,7,0.20511581813868862,0.03145167010003499,25,0.22739926538452598,1,po-rapec-20260731-164126-final-all-tasks,187,0.0
1.593664121039377e-06,0.2888888888888889,0.0,1.4342977089354392e-05,0.013262183420045391,1.593664121039377e-06,0.2888888888888889,0.0,0.0,-0.0027052939757986508,0.0018116434070652306,64,9,11,0.4058119423475506,0.37702534449312636,5.798213323031431,11,18,0.00031621436385847833,0.5496797074676079,5,0.2900269883816277,0.009721796134682235,25,0.4974777591085358,1,po-rapec-20260731-164126-final-all-tasks,198,0.0018116434070652306
2.381588634325915e-05,0.2833333333333333,0.0,0.00019999999999997797,0.018366844797745405,2.381588634325915e-05,0.2833333333333333,0.0,0.0,-0.002505293975798673,0.07392911890136983,128,9,5,0.533903253334211,0.3455045096304409,4.380056235578614,19,8,1.045342835737979e-05,0.5336162475721086,6,0.20511581813868862,0.024024502205389233,15,0.12086516253027227,1,po-rapec-20260731-164126-final-all-tasks,199,0.07392911890136983
0.0007573950294286989,0.24777777777777776,0.0,0.0036125785148475725,0.05330808752315047,0.0007573950294286989,0.24777777777777776,0.0,0.0,-0.0019761244833209624,0.6464073177679052,128,15,13,0.5862155066028948,0.27217102153488776,5.798213323031431,11,12,1.045342835737979e-05,0.5336162475721086,5,0.20511581813868862,0.024024502205389233,12,0.07908004765031146,1,po-rapec-20260731-164126-final-all-tasks,202,0.6464073177679052
2.2222222222219774e-05,0.2866666666666667,0.0,0.00019999999999997797,0.015002936672184886,2.2222222222219774e-05,0.2866666666666667,0.0,0.0,-0.002505293975798673,0.07392911890136983,128,9,5,0.07333701454887034,0.39284932119257626,4.380056235578614,11,9,1.045342835737979e-05,0.5336162475721086,8,0.7396466374007357,0.01998109544666775,15,0.1325539000565849,1,po-rapec-20260731-164126-final-all-tasks,282,0.07392911890136983
2.2222222222219774e-05,0.2866666666666667,0.0,0.00019999999999997797,0.015084110393728596,2.2222222222219774e-05,0.2866666666666667,0.0,0.0,-0.002505293975798673,0.07392911890136983,32,15,12,0.207468365925079,0.14981561565760906,6.9104644808076054,19,20,1.4309171915459122e-06,1.478318994655364,6,0.20511581813868862,0.03145167010003499,25,0.12879596326261983,1,po-rapec-20260731-164126-final-all-tasks,319,0.07392911890136983
0.00018666666666665598,0.28111111111111114,0.0,0.0016799999999999038,0.02064188529984804,0.00018666666666665598,0.28111111111111114,0.0,0.0,-0.001025293975798747,0.6210045987715395,32,7,8,0.207468365925079,0.27217102153488776,5.798213323031431,19,14,0.00037760864200470334,1.5452523112100778,5,0.20511581813868862,0.009721796134682235,24,0.09190259775031957,1,po-rapec-20260731-164126-final-all-tasks,328,0.6210045987715395
0.0007477697142389966,0.2533333333333333,0.0,0.0036125785148475725,0.04738794341334752,0.0007477697142389966,0.2533333333333333,0.0,0.0,-0.0019761244833209624,0.6464073177679052,128,9,7,0.07333701454887034,0.27217102153488776,7.439644182541458,36,9,1.045342835737979e-05,0.5336162475721086,6,0.6546675247143898,0.009721796134682235,12,0.12086516253027227,1,po-rapec-20260731-164126-final-all-tasks,345,0.6464073177679052
0.0005243535064072639,0.25666666666666665,0.0,0.003639181557665405,0.0448214148686806,0.0005243535064072639,0.25666666666666665,0.0,0.0,-0.0027052939757986508,0.4596604481053848,32,7,3,0.207468365925079,0.27217102153488776,5.798213323031431,11,20,0.00031621436385847833,1.478318994655364,5,0.11854014677206687,0.005212918201704737,25,0.12879596326261983,1,po-rapec-20260731-164126-final-all-tasks,346,0.4596604481053848
2.2222222222219774e-05,0.2866666666666667,0.0,0.00019999999999997797,0.015002936672184886,2.2222222222219774e-05,0.2866666666666667,0.0,0.0,-0.002505293975798673,0.07392911890136983,128,9,5,0.07333701454887034,0.39284932119257626,4.380056235578614,11,9,1.045342835737979e-05,0.5336162475721086,8,0.7396466374007357,0.01998109544666775,15,0.1325539000565849,1,po-rapec-20260731-164126-final-all-tasks,357,0.07392911890136983
0.0031520868195902643,0.18555555555555556,0.0,0.019209599818647116,0.11598487873428745,0.0031520868195902643,0.18555555555555556,0.0,0.0,-0.001025293975798747,0.8544427041764607,96,10,13,0.4030500278134722,0.2924714184079065,1.9620008893235994,31,20,1.6641838613225804e-05,2.4847336813778322,3,0.37452572438238774,0.002731731463547026,23,0.0791600885457062,1,po-rapec-20260731-164126-final-all-tasks,365,0.8544427041764607
0.00018666666666665598,0.28111111111111114,0.0,0.0016799999999999038,0.02064188529984804,0.00018666666666665598,0.28111111111111114,0.0,0.0,-0.001025293975798747,0.6210045987715395,32,7,8,0.207468365925079,0.27217102153488776,5.798213323031431,19,14,0.00037760864200470334,1.5452523112100778,5,0.20511581813868862,0.009721796134682235,24,0.09190259775031957,1,po-rapec-20260731-164126-final-all-tasks,366,0.6210045987715395
0.0005243535064072639,0.25666666666666665,0.0,0.003639181557665405,0.0448214148686806,0.0005243535064072639,0.25666666666666665,0.0,0.0,-0.0027052939757986508,0.4596604481053848,32,7,3,0.207468365925079,0.27217102153488776,5.798213323031431,11,20,0.00031621436385847833,1.478318994655364,5,0.11854014677206687,0.005212918201704737,25,0.12879596326261983,1,po-rapec-20260731-164126-final-all-tasks,369,0.4596604481053848
0.0002655968453173692,0.2588888888888889,0.0,0.002390371607856323,0.04202549789329403,0.0002655968453173692,0.2588888888888889,0.0,0.0,-0.0027052939757986508,0.42771491142751156,32,15,3,0.533903253334211,0.14981561565760906,6.377723359121125,10,18,1.045342835737979e-05,0.5336162475721086,7,0.2532150002810423,0.03145167010003499,15,0.22739926538452598,1,po-rapec-20260731-164126-final-all-tasks,384,0.42771491142751156
0.0007338260535457595,0.2544444444444445,0.0,0.006604434481911836,0.04762977346266908,0.0007338260535457595,0.2544444444444445,0.0,0.0,-0.0013126738372078069,0.834197817650451,32,7,3,0.4058119423475506,0.39284932119257626,6.377723359121125,11,18,1.045342835737979e-05,0.5641453952079452,8,0.5163289402097396,0.005212918201704737,24,0.3553853808102376,1,po-rapec-20260731-164126-final-all-tasks,398,0.834197817650451
0.0027254201529236027,0.2,0.0,0.019209599818647116,0.10173717975963426,0.0027254201529236027,0.2,0.0,0.0,-0.001025293975798747,0.8544427041764607,96,10,13,0.4030500278134722,0.14981561565760906,2.6031763057168416,34,20,1.6641838613225804e-05,1.7948126287784496,3,0.2900269883816277,0.002731731463547026,23,0.0791600885457062,1,po-rapec-20260731-164126-final-all-tasks,414,0.8544427041764607
0.0002655968453173692,0.2588888888888889,0.0,0.002390371607856323,0.04202549789329403,0.0002655968453173692,0.2588888888888889,0.0,0.0,-0.0027052939757986508,0.42771491142751156,32,15,3,0.533903253334211,0.14981561565760906,5.841498559043835,10,18,1.045342835737979e-05,1.1563835976305437,7,0.6703255463901796,0.03145167010003499,15,0.22739926538452598,1,po-rapec-20260731-164126-final-all-tasks,435,0.42771491142751156
0.0035915593667287618,0.17555555555555558,0.0,0.019209599818647116,0.12583108306203827,0.0035915593667287618,0.17555555555555558,0.0,0.0,-0.001025293975798747,0.8544427041764607,32,10,3,0.8465688795548559,0.27217102153488776,5.798213323031431,31,15,0.00037760864200470334,2.4847336813778322,5,0.15932383792494242,0.009721796134682235,24,0.09190259775031957,1,po-rapec-20260731-164126-final-all-tasks,437,0.8544427041764607
2.381588634325915e-05,0.2833333333333333,0.0,0.00019999999999997797,0.018366844797745405,2.381588634325915e-05,0.2833333333333333,0.0,0.0,-0.002505293975798673,0.07392911890136983,128,9,5,0.533903253334211,0.3455045096304409,4.380056235578614,19,18,1.045342835737979e-05,0.5336162475721086,6,0.2532150002810423,0.024024502205389233,15,0.12086516253027227,1,po-rapec-20260731-164126-final-all-tasks,438,0.07392911890136983
2.381588634325915e-05,0.2833333333333333,0.0,0.00019999999999997797,0.018366844797745405,2.381588634325915e-05,0.2833333333333333,0.0,0.0,-0.002505293975798673,0.07392911890136983,128,9,5,0.533903253334211,0.3455045096304409,4.380056235578614,19,8,1.045342835737979e-05,0.5336162475721086,6,0.20511581813868862,0.024024502205389233,15,0.12086516253027227,1,po-rapec-20260731-164126-final-all-tasks,440,0.07392911890136983
0.0005526879930921294,0.26333333333333336,0.0,0.003117348913303397,0.038440809399852026,0.0005526879930921294,0.26333333333333336,0.0,0.0,-0.0027052939757986508,0.31674883929215086,128,9,7,0.533903253334211,0.22674295449545329,7.439644182541458,19,20,1.045342835737979e-05,0.5336162475721086,6,0.4447306427721347,0.009721796134682235,12,0.12879596326261983,1,po-rapec-20260731-164126-final-all-tasks,446,0.31674883929215086
0.00018666666666665598,0.28111111111111114,0.0,0.0016799999999999038,0.02064188529984804,0.00018666666666665598,0.28111111111111114,0.0,0.0,-0.001025293975798747,0.6210045987715395,32,7,8,0.8465688795548559,0.27217102153488776,5.798213323031431,11,15,0.00037760864200470334,1.5452523112100778,5,0.2900269883816277,0.009721796134682235,24,0.09190259775031957,1,po-rapec-20260731-164126-final-all-tasks,450,0.6210045987715395
0.002125234330627205,0.23666666666666666,0.0,0.01672239439069917,0.0645146302357172,0.002125234330627205,0.23666666666666666,0.0,0.0,-0.0027052939757986508,0.743811845035123,192,15,5,0.07333701454887034,0.39284932119257626,5.798213323031431,11,12,6.167206339602892e-06,1.0128980476535556,8,0.7396466374007357,0.009721796134682235,12,0.40152679259954227,1,po-rapec-20260731-164126-final-all-tasks,462,0.743811845035123
2.381588634325915e-05,0.2833333333333333,0.0,0.00019999999999997797,0.018366844797745405,2.381588634325915e-05,0.2833333333333333,0.0,0.0,-0.002505293975798673,0.07392911890136983,128,9,5,0.533903253334211,0.3455045096304409,5.403084432068228,36,18,1.045342835737979e-05,0.5336162475721086,6,0.6546675247143898,0.024024502205389233,15,0.12086516253027227,1,po-rapec-20260731-164126-final-all-tasks,473,0.07392911890136983
0.0005430626779024271,0.2711111111111111,0.0,0.003117348913303397,0.030808005845861543,0.0005430626779024271,0.2711111111111111,0.0,0.0,-0.0027052939757986508,0.31674883929215086,32,9,7,0.207468365925079,0.12134859530971945,5.901754525707168,33,20,1.045342835737979e-05,0.5336162475721086,6,0.4447306427721347,0.009721796134682235,12,0.12086516253027227,1,po-rapec-20260731-164126-final-all-tasks,475,0.31674883929215086
0.0005243535064072639,0.25666666666666665,0.0,0.003639181557665405,0.0448214148686806,0.0005243535064072639,0.25666666666666665,0.0,0.0,-0.0027052939757986508,0.4596604481053848,32,7,3,0.207468365925079,0.27217102153488776,5.798213323031431,11,15,0.00031621436385847833,1.478318994655364,5,0.11854014677206687,0.005212918201704737,25,0.12879596326261983,1,po-rapec-20260731-164126-final-all-tasks,480,0.4596604481053848
0.002538753486256947,0.22111111111111112,0.0,0.019209599818647116,0.08077480184130575,0.002538753486256947,0.22111111111111112,0.0,0.0,-0.0027052939757986508,0.8544427041764607,96,10,8,0.8465688795548559,0.10589930738809811,5.798213323031431,11,20,0.00037760864200470334,2.4847336813778322,5,0.2900269883816277,0.009721796134682235,24,0.09190259775031957,1,po-rapec-20260731-164126-final-all-tasks,486,0.8544427041764607
2.381588634325915e-05,0.2833333333333333,0.0,0.00019999999999997797,0.018366844797745405,2.381588634325915e-05,0.2833333333333333,0.0,0.0,-0.002505293975798673,0.07392911890136983,128,9,5,0.4058119423475506,0.37702534449312636,5.403084432068228,11,18,0.00031621436385847833,0.5496797074676079,6,0.6546675247143898,0.024024502205389233,15,0.12086516253027227,1,po-rapec-20260731-164126-final-all-tasks,487,0.07392911890136983
2.381588634325915e-05,0.2833333333333333,0.0,0.00019999999999997797,0.018366844797745405,2.381588634325915e-05,0.2833333333333333,0.0,0.0,-0.002505293975798673,0.07392911890136983,128,10,12,0.533903253334211,0.3455045096304409,4.380056235578614,19,20,1.045342835737979e-05,0.5336162475721086,6,0.20511581813868862,0.024024502205389233,15,0.12879596326261983,1,po-rapec-20260731-164126-final-all-tasks,488,0.07392911890136983
2.2222222222219774e-05,0.2866666666666667,0.0,0.00019999999999997797,0.015084110393728596,2.2222222222219774e-05,0.2866666666666667,0.0,0.0,-0.002505293975798673,0.07392911890136983,32,15,12,0.207468365925079,0.14981561565760906,6.9104644808076054,19,20,1.4309171915459122e-06,1.478318994655364,6,0.20511581813868862,0.03145167010003499,25,0.12879596326261983,1,po-rapec-20260731-164126-final-all-tasks,499,0.07392911890136983
