baseline_best_quality,baseline_energy_wh,case_id,dynamic_quality_tolerance,energy_saving_fraction,ideal_stop_epoch,normalized_quality_regret,normalized_stop_error,profile,quality_regret,stage,stop_epoch,stop_reason,stopped_best_quality,stopped_early,stopped_energy_wh,task_type
0.84617,37.78717350000767,carpk-aerial-vehicle,0.009250864120985611,0.0,76,0.0,0.24,conservative,0.0,aerial_vehicle_counting,100,maximum_epochs_reached,0.84617,False,37.78717350000767,object_detection
0.9428,41.33458502332478,cifar10-classification,0.019760092799999882,0.0,67,0.0,0.33,conservative,0.0,image_classification,100,maximum_epochs_reached,0.9428,False,41.33458502332478,image_classification
0.7842,54.02730584580387,cifar100-classification,0.01755363237985671,0.0,79,0.0,0.21,conservative,0.0,image_classification,100,maximum_epochs_reached,0.7842,False,54.02730584580387,image_classification
0.8208607766954419,107.87778618816823,oxford-pet-segmentation,0.007917108319119643,0.0,61,0.0,0.39,conservative,0.0,semantic_segmentation,100,maximum_epochs_reached,0.8208607766954419,False,107.87778618816823,semantic_segmentation
0.10413598980549384,40.99492389654169,pascal-voc2012-segmentation,0.005588702998168535,0.060188853972819555,66,0.0,0.28,conservative,0.0,semantic_segmentation,94,"rapec_stop: epoch=94, state=plateau, horizon=15, dynamic_gain=0.014036, expected_gain=0.003297, prob_gain=0.0000, utility=0.000563, utility_threshold=0.000906",0.10413598980549384,True,38.527486408505894,semantic_segmentation
0.6459,330.46398884513934,tiny-imagenet-classification,0.023598219445305824,0.0,82,0.0,0.18,conservative,0.0,image_classification,100,maximum_epochs_reached,0.6459,False,330.46398884513934,image_classification
0.47163237619614085,126.89005392357856,uavid-segmentation,0.02248202217041802,0.009937257409727035,48,0.0,0.51,conservative,0.0,semantic_segmentation,99,"rapec_stop: epoch=99, state=plateau, horizon=15, dynamic_gain=0.007834, expected_gain=0.003117, prob_gain=0.0833, utility=0.000164, utility_threshold=0.000258",0.47163237619614085,True,125.62911479500582,semantic_segmentation
0.51023,47.10976437498774,vedai-aerial-vehicle,0.03587349797084467,0.0,69,0.0,0.31,conservative,0.0,aerial_vehicle_counting,100,maximum_epochs_reached,0.51023,False,47.10976437498774,object_detection
0.50211,423.61780774511624,visdrone-aerial-vehicle,0.0027052939757986508,0.03820366340885179,80,0.0,0.16,conservative,0.0,aerial_vehicle_counting,96,"rapec_stop: epoch=96, state=plateau, horizon=15, dynamic_gain=0.007633, expected_gain=0.003740, prob_gain=0.0556, utility=0.000059, utility_threshold=0.000122",0.50211,True,407.4340556040261,object_detection
0.84617,37.78717350000767,carpk-aerial-vehicle,0.009250864120985611,0.0,76,0.0,0.24,balanced,0.0,aerial_vehicle_counting,100,maximum_epochs_reached,0.84617,False,37.78717350000767,object_detection
0.9428,41.33458502332478,cifar10-classification,0.019760092799999882,0.0,67,0.0,0.33,balanced,0.0,image_classification,100,maximum_epochs_reached,0.9428,False,41.33458502332478,image_classification
0.7842,54.02730584580387,cifar100-classification,0.01755363237985671,0.0,79,0.0,0.21,balanced,0.0,image_classification,100,maximum_epochs_reached,0.7842,False,54.02730584580387,image_classification
0.8208607766954419,107.87778618816823,oxford-pet-segmentation,0.007917108319119643,0.059103142335034387,61,0.010941853163498598,0.33,balanced,8.662783670732033e-05,semantic_segmentation,94,"rapec_stop: epoch=94, state=plateau, horizon=9, dynamic_gain=0.000868, expected_gain=0.000449, prob_gain=0.0809, utility=0.000047, utility_threshold=0.000052",0.8207741488587346,True,101.50187003630052,semantic_segmentation
0.10413598980549384,40.99492389654169,pascal-voc2012-segmentation,0.005588702998168535,0.11873063807329202,66,0.31674883929215086,0.22,balanced,0.0017702151878184469,semantic_segmentation,88,"rapec_stop: epoch=88, state=plateau, horizon=9, dynamic_gain=0.004627, expected_gain=0.001222, prob_gain=0.0368, utility=0.000357, utility_threshold=0.000395",0.10236577461767539,True,36.12757042453925,semantic_segmentation
0.6459,330.46398884513934,tiny-imagenet-classification,0.023598219445305824,0.0,82,0.0,0.18,balanced,0.0,image_classification,100,maximum_epochs_reached,0.6459,False,330.46398884513934,image_classification
0.47163237619614085,126.89005392357856,uavid-segmentation,0.02248202217041802,0.13947592748246637,48,0.13865963166806336,0.38,balanced,0.003117348913303397,semantic_segmentation,86,"rapec_stop: epoch=86, state=plateau, horizon=9, dynamic_gain=0.002795, expected_gain=0.001049, prob_gain=0.0368, utility=0.000091, utility_threshold=0.000150",0.46851502728283745,True,109.19194596428727,semantic_segmentation
0.51023,47.10976437498774,vedai-aerial-vehicle,0.03587349797084467,0.0,69,0.0,0.31,balanced,0.0,aerial_vehicle_counting,100,maximum_epochs_reached,0.51023,False,47.10976437498774,object_detection
0.50211,423.61780774511624,visdrone-aerial-vehicle,0.0027052939757986508,0.028657576707875457,80,0.0,0.17,balanced,0.0,aerial_vehicle_counting,97,"rapec_stop: epoch=97, state=plateau, horizon=9, dynamic_gain=0.002334, expected_gain=0.000200, prob_gain=0.0294, utility=0.000005, utility_threshold=0.000080",0.50211,True,411.47794792483853,object_detection
0.84617,37.78717350000767,carpk-aerial-vehicle,0.009250864120985611,0.0,76,0.0,0.24,aggressive,0.0,aerial_vehicle_counting,100,maximum_epochs_reached,0.84617,False,37.78717350000767,object_detection
0.9428,41.33458502332478,cifar10-classification,0.019760092799999882,0.0,67,0.0,0.33,aggressive,0.0,image_classification,100,maximum_epochs_reached,0.9428,False,41.33458502332478,image_classification
0.7842,54.02730584580387,cifar100-classification,0.01755363237985671,0.0,79,0.0,0.21,aggressive,0.0,image_classification,100,maximum_epochs_reached,0.7842,False,54.02730584580387,image_classification
0.8208607766954419,107.87778618816823,oxford-pet-segmentation,0.007917108319119643,0.0,61,0.0,0.39,aggressive,0.0,semantic_segmentation,100,maximum_epochs_reached,0.8208607766954419,False,107.87778618816823,semantic_segmentation
0.10413598980549384,40.99492389654169,pascal-voc2012-segmentation,0.005588702998168535,0.060188853972819555,66,0.0,0.28,aggressive,0.0,semantic_segmentation,94,"rapec_stop: epoch=94, state=plateau, horizon=15, dynamic_gain=0.014036, expected_gain=0.003297, prob_gain=0.0000, utility=0.000563, utility_threshold=0.000906",0.10413598980549384,True,38.527486408505894,semantic_segmentation
0.6459,330.46398884513934,tiny-imagenet-classification,0.023598219445305824,0.0,82,0.0,0.18,aggressive,0.0,image_classification,100,maximum_epochs_reached,0.6459,False,330.46398884513934,image_classification
0.47163237619614085,126.89005392357856,uavid-segmentation,0.02248202217041802,0.009937257409727035,48,0.0,0.51,aggressive,0.0,semantic_segmentation,99,"rapec_stop: epoch=99, state=plateau, horizon=15, dynamic_gain=0.007834, expected_gain=0.003117, prob_gain=0.0833, utility=0.000164, utility_threshold=0.000258",0.47163237619614085,True,125.62911479500582,semantic_segmentation
0.51023,47.10976437498774,vedai-aerial-vehicle,0.03587349797084467,0.0,69,0.0,0.31,aggressive,0.0,aerial_vehicle_counting,100,maximum_epochs_reached,0.51023,False,47.10976437498774,object_detection
0.50211,423.61780774511624,visdrone-aerial-vehicle,0.0027052939757986508,0.03820366340885179,80,0.0,0.16,aggressive,0.0,aerial_vehicle_counting,96,"rapec_stop: epoch=96, state=plateau, horizon=15, dynamic_gain=0.007633, expected_gain=0.003740, prob_gain=0.0556, utility=0.000059, utility_threshold=0.000122",0.50211,True,407.4340556040261,object_detection
